<?xml version="1.0" encoding="utf-8"?>
<Project>
	<TemplateObjectList>
		<TemplateObject objectName="self" id="0" isTemp="false"/>
		<TemplateObject objectName="target" id="1" isTemp="false"/>
	</TemplateObjectList>
	<RefParamList>
		<Vector3i name="_TargetDir" x="0" y="0" z="0" refParamName="" useRefParam="false"/>
		<Vector3i name="_TargetPos" x="0" y="0" z="0" refParamName="" useRefParam="false"/>
	</RefParamList>
	<Action tag="" length="2.400" loop="false">
		<Track trackName="CheckSkinIdTick0" eventType="CheckSkinIdTick" guid="da352c69-5279-4663-909b-ed403b3a384b" enabled="true" refParamName="" useRefParam="false" r="0.000" g="1.000" b="1.000" execOnForceStopped="false" execOnActionCompleted="false" stopAfterLastEvent="true">
			<Event eventName="CheckSkinIdTick" time="0.000" isDuration="false">
				<TemplateObject name="targetId" objectName="self" id="0" isTemp="false" refParamName="" useRefParam="false"/>
				<int name="skinId" value="50112" refParamName="" useRefParam="false"/>
				<bool name="bEqual" value="true" refParamName="" useRefParam="false"/>
				<bool name="bSkipLogicCheck" value="false" refParamName="" useRefParam="false"/>
			</Event>
		</Track>
		<Track trackName="RegisterEventDuration0" eventType="RegisterEventDuration" guid="332c8aa5-7d5e-4b6e-9688-957580cc8451" enabled="true" refParamName="" useRefParam="false" r="0.067" g="1.000" b="0.000" execOnForceStopped="false" execOnActionCompleted="false" stopAfterLastEvent="true">
			<Condition id="0" guid="da352c69-5279-4663-909b-ed403b3a384b" status="true"/>
			<Event eventName="RegisterEventDuration" time="0.000" length="2.400" isDuration="true">
				<TemplateObject name="targetId" objectName="self" id="0" isTemp="false" refParamName="" useRefParam="false"/>
				<Enum name="EventType1" value="19" refParamName="" useRefParam="false">
					<uint name="无"/>
					<uint name="击杀英雄"/>
					<uint name="助攻"/>
					<uint name="死亡"/>
					<uint name="复活"/>
					<uint name="受到伤害"/>
					<uint name="免疫伤害"/>
					<uint name="反弹伤害"/>
					<uint name="所处地形变化"/>
					<uint name="免疫控制"/>
					<uint name="受到控制"/>
					<uint name="进入战斗"/>
					<uint name="退出战斗"/>
					<uint name="使用主动技能"/>
					<uint name="阻挡一次技能"/>
					<uint name="位移"/>
					<uint name="血量能量消耗"/>
					<uint name="昼夜切换"/>
					<uint name="极昼切换"/>
					<uint name="进入泉水"/>
					<uint name="离开泉水"/>
				</Enum>
				<Enum name="EventType2" value="0" refParamName="" useRefParam="false">
					<uint name="无"/>
					<uint name="击杀英雄"/>
					<uint name="助攻"/>
					<uint name="死亡"/>
					<uint name="复活"/>
					<uint name="受到伤害"/>
					<uint name="免疫伤害"/>
					<uint name="反弹伤害"/>
					<uint name="所处地形变化"/>
					<uint name="免疫控制"/>
					<uint name="受到控制"/>
					<uint name="进入战斗"/>
					<uint name="退出战斗"/>
					<uint name="使用主动技能"/>
					<uint name="阻挡一次技能"/>
					<uint name="位移"/>
					<uint name="血量能量消耗"/>
					<uint name="昼夜切换"/>
					<uint name="极昼切换"/>
					<uint name="进入泉水"/>
					<uint name="离开泉水"/>
				</Enum>
				<String name="EventName" value="" refParamName="" useRefParam="false"/>
				<String name="AgeName" value="prefab_characters/prefab_hero/501_TelAnnas/skill/P9E1" refParamName="" useRefParam="false"/>
				<String name="customParam0RefName" value="" refParamName="" useRefParam="false"/>
				<Enum name="ETakeDmgCustomParamType" value="0" refParamName="" useRefParam="false">
					<uint name="最终要扣的血"/>
					<uint name="面板伤害"/>
					<uint name="擦除的伤害"/>
				</Enum>
				<TemplateObject name="AgeSourceId" objectName="self" id="0" isTemp="false" refParamName="" useRefParam="false"/>
				<TemplateObject name="AgeTargetId" objectName="None" id="-1" isTemp="false" refParamName="" useRefParam="false"/>
				<int name="TriggerCount" value="-1" refParamName="" useRefParam="false"/>
				<int name="TriggerInterval" value="-1" refParamName="" useRefParam="false"/>
				<TemplateObject name="sourceId" objectName="None" id="-1" isTemp="false" refParamName="" useRefParam="false"/>
				<Array name="0" refParamName="" useRefParam="false" type="String"/>
				<Array name="AreaPriority" refParamName="" useRefParam="false" type="int"/>
				<bool name="bExtraBuff" value="true" refParamName="" useRefParam="false"/>
				<bool name="bFlitExtraDamage" value="false" refParamName="" useRefParam="false"/>
				<bool name="bListenAllBuff" value="true" refParamName="" useRefParam="false"/>
				<bool name="bHitFly" value="true" refParamName="" useRefParam="false"/>
				<bool name="bSlowDown" value="true" refParamName="" useRefParam="false"/>
				<bool name="bStun" value="true" refParamName="" useRefParam="false"/>
				<bool name="bFrozen" value="true" refParamName="" useRefParam="false"/>
				<bool name="bSlient" value="true" refParamName="" useRefParam="false"/>
				<bool name="bStone" value="true" refParamName="" useRefParam="false"/>
				<bool name="bTaunt" value="true" refParamName="" useRefParam="false"/>
				<bool name="bFear" value="true" refParamName="" useRefParam="false"/>
				<bool name="bHitBack" value="true" refParamName="" useRefParam="false"/>
				<bool name="bListenAllSlot" value="true" refParamName="" useRefParam="false"/>
				<bool name="bSlot0" value="true" refParamName="" useRefParam="false"/>
				<bool name="bSlot1" value="true" refParamName="" useRefParam="false"/>
				<bool name="bSlot2" value="true" refParamName="" useRefParam="false"/>
				<bool name="bSlot3" value="true" refParamName="" useRefParam="false"/>
			</Event>
		</Track>
		<Track trackName="RegisterEventDuration0" eventType="RegisterEventDuration" guid="8e75fb57-9435-432c-88b8-c2600e52447d" enabled="true" refParamName="" useRefParam="false" r="0.800" g="0.000" b="1.000" execOnForceStopped="false" execOnActionCompleted="false" stopAfterLastEvent="true">
			<Condition id="0" guid="da352c69-5279-4663-909b-ed403b3a384b" status="true"/>
			<Event eventName="RegisterEventDuration" time="0.000" length="2.400" isDuration="true">
				<TemplateObject name="targetId" objectName="self" id="0" isTemp="false" refParamName="" useRefParam="false"/>
				<Enum name="EventType1" value="20" refParamName="" useRefParam="false">
					<uint name="无"/>
					<uint name="击杀英雄"/>
					<uint name="助攻"/>
					<uint name="死亡"/>
					<uint name="复活"/>
					<uint name="受到伤害"/>
					<uint name="免疫伤害"/>
					<uint name="反弹伤害"/>
					<uint name="所处地形变化"/>
					<uint name="免疫控制"/>
					<uint name="受到控制"/>
					<uint name="进入战斗"/>
					<uint name="退出战斗"/>
					<uint name="使用主动技能"/>
					<uint name="阻挡一次技能"/>
					<uint name="位移"/>
					<uint name="血量能量消耗"/>
					<uint name="昼夜切换"/>
					<uint name="极昼切换"/>
					<uint name="进入泉水"/>
					<uint name="离开泉水"/>
				</Enum>
				<Enum name="EventType2" value="0" refParamName="" useRefParam="false">
					<uint name="无"/>
					<uint name="击杀英雄"/>
					<uint name="助攻"/>
					<uint name="死亡"/>
					<uint name="复活"/>
					<uint name="受到伤害"/>
					<uint name="免疫伤害"/>
					<uint name="反弹伤害"/>
					<uint name="所处地形变化"/>
					<uint name="免疫控制"/>
					<uint name="受到控制"/>
					<uint name="进入战斗"/>
					<uint name="退出战斗"/>
					<uint name="使用主动技能"/>
					<uint name="阻挡一次技能"/>
					<uint name="位移"/>
					<uint name="血量能量消耗"/>
					<uint name="昼夜切换"/>
					<uint name="极昼切换"/>
					<uint name="进入泉水"/>
					<uint name="离开泉水"/>
				</Enum>
				<String name="EventName" value="" refParamName="" useRefParam="false"/>
				<String name="AgeName" value="prefab_characters/prefab_hero/501_TelAnnas/skill/P9E2" refParamName="" useRefParam="false"/>
				<String name="customParam0RefName" value="" refParamName="" useRefParam="false"/>
				<Enum name="ETakeDmgCustomParamType" value="0" refParamName="" useRefParam="false">
					<uint name="最终要扣的血"/>
					<uint name="面板伤害"/>
					<uint name="擦除的伤害"/>
				</Enum>
				<TemplateObject name="AgeSourceId" objectName="self" id="0" isTemp="false" refParamName="" useRefParam="false"/>
				<TemplateObject name="AgeTargetId" objectName="None" id="-1" isTemp="false" refParamName="" useRefParam="false"/>
				<int name="TriggerCount" value="-1" refParamName="" useRefParam="false"/>
				<int name="TriggerInterval" value="-1" refParamName="" useRefParam="false"/>
				<TemplateObject name="sourceId" objectName="None" id="-1" isTemp="false" refParamName="" useRefParam="false"/>
				<Array name="0" refParamName="" useRefParam="false" type="String"/>
				<Array name="AreaPriority" refParamName="" useRefParam="false" type="int"/>
				<bool name="bExtraBuff" value="true" refParamName="" useRefParam="false"/>
				<bool name="bFlitExtraDamage" value="false" refParamName="" useRefParam="false"/>
				<bool name="bListenAllBuff" value="true" refParamName="" useRefParam="false"/>
				<bool name="bHitFly" value="true" refParamName="" useRefParam="false"/>
				<bool name="bSlowDown" value="true" refParamName="" useRefParam="false"/>
				<bool name="bStun" value="true" refParamName="" useRefParam="false"/>
				<bool name="bFrozen" value="true" refParamName="" useRefParam="false"/>
				<bool name="bSlient" value="true" refParamName="" useRefParam="false"/>
				<bool name="bStone" value="true" refParamName="" useRefParam="false"/>
				<bool name="bTaunt" value="true" refParamName="" useRefParam="false"/>
				<bool name="bFear" value="true" refParamName="" useRefParam="false"/>
				<bool name="bHitBack" value="true" refParamName="" useRefParam="false"/>
				<bool name="bListenAllSlot" value="true" refParamName="" useRefParam="false"/>
				<bool name="bSlot0" value="true" refParamName="" useRefParam="false"/>
				<bool name="bSlot1" value="true" refParamName="" useRefParam="false"/>
				<bool name="bSlot2" value="true" refParamName="" useRefParam="false"/>
				<bool name="bSlot3" value="true" refParamName="" useRefParam="false"/>
			</Event>
		</Track>
	</Action>
</Project>

