﻿<?xml version="1.0" encoding="utf-8"?>
<Project>
  <TemplateObjectList>
    <TemplateObject objectName="self" id="0" isTemp="false" />
    <TemplateObject objectName="target" id="1" isTemp="false" />
  </TemplateObjectList>
  <RefParamList>
    <Vector3i name="_TargetDir" x="0" y="0" z="0" refParamName="" useRefParam="false" />
    <Vector3i name="_TargetPos" x="0" y="0" z="0" refParamName="" useRefParam="false" />
  </RefParamList>
  <Action tag="" length="8.000" loop="false">
    <Track trackName="CheckSkinIdTick0" eventType="CheckSkinIdTick" guid="f18475af-730f-40ff-9e86-db431372f6ad" enabled="true" useRefParam="false" refParamName="" r="0.000" g="0.000" b="0.000" execOnForceStopped="false" execOnActionCompleted="false" stopAfterLastEvent="true">
      <Event eventName="CheckSkinIdTick" time="0.000" isDuration="false" guid="4e3fdff5-f290-4c5c-852e-b82da566b068">
        <TemplateObject name="targetId" objectName="self" id="0" isTemp="false" refParamName="" useRefParam="false" />
        <int name="skinId" value="50112" refParamName="" useRefParam="false" />
        <bool name="bEqual" value="true" refParamName="" useRefParam="false" />
        <bool name="bSkipLogicCheck" value="false" refParamName="" useRefParam="false" />
      </Event>
    </Track>
    <Track trackName="TriggerParticle0" eventType="TriggerParticle" guid="46400c0b-bed1-4c9c-b814-3b80bf518b6e" enabled="true" useRefParam="false" refParamName="" r="0.000" g="0.000" b="0.000" execOnForceStopped="false" execOnActionCompleted="false" stopAfterLastEvent="true">
      <Condition id="0" guid="f18475af-730f-40ff-9e86-db431372f6ad" status="true" />
      <Event eventName="TriggerParticle" time="0.000" length="5.000" isDuration="true" guid="5133fbe5-0f10-47ab-a5fb-467b7dc592d9">
        <TemplateObject name="targetId" objectName="self" id="0" isTemp="false" refParamName="" useRefParam="false" />
        <TemplateObject name="objectSpaceId" objectName="self" id="0" isTemp="false" refParamName="" useRefParam="false" />
        <uint name="RefLiteBulletID" value="0" refParamName="" useRefParam="false" />
        <String name="parentResourceName" value="" refParamName="" useRefParam="false" />
        <String name="resourceName" value="Prefab_Skill_Effects/Hero_Skill_Effects/501_TelAnnas/50112/Suanni_Sprint" refParamName="" useRefParam="false" />
        <String name="resourceName2" value="" refParamName="" useRefParam="false" />
        <String name="resourceName3" value="" refParamName="" useRefParam="false" />
        <String name="bindPointName" value="" refParamName="" useRefParam="false" />
        <bool name="dontShowIfNoBindPoint" value="false" refParamName="" useRefParam="false" />
        <Vector3 name="bindPosOffset" x="0.000" y="0.000" z="0.000" refParamName="" useRefParam="false" />
        <bool name="bIsBindPosYRelateBeHitHeight" value="false" refParamName="" useRefParam="false" />
        <bool name="bBindPosOffsetInWorldSpace" value="false" refParamName="" useRefParam="false" />
        <EulerAngle name="bindRotOffset" x="0.000" y="0.000" z="0.000" refParamName="" useRefParam="false" />
        <Vector3 name="scaling" x="1.000" y="1.000" z="1.000" refParamName="" useRefParam="false" />
        <bool name="useScalingInt" value="false" refParamName="" useRefParam="false" />
        <Vector3i name="scalingInt" x="10000" y="10000" z="10000" refParamName="" useRefParam="false" />
        <bool name="bUseRealScaling" value="false" refParamName="" useRefParam="false" />
        <bool name="bOnlyScaleRoot" value="false" refParamName="" useRefParam="false" />
        <bool name="bEnableOptCull" value="true" refParamName="" useRefParam="false" />
        <bool name="bHeroEffect" value="false" refParamName="" useRefParam="false" />
        <bool name="bBullerPosDir" value="false" refParamName="" useRefParam="false" />
        <TemplateObject name="lookTargetId" objectName="None" id="-1" isTemp="false" refParamName="" useRefParam="false" />
        <bool name="bAlwaysLookTarget" value="false" refParamName="" useRefParam="false" />
        <bool name="bLookTarget" value="false" refParamName="" useRefParam="false" />
        <bool name="applyActionSpeedToParticle" value="true" refParamName="" useRefParam="false" />
        <bool name="applyActionSpeedToAnimation" value="false" refParamName="" useRefParam="false" />
        <int name="extend" value="10" refParamName="" useRefParam="false" />
        <bool name="bOnlyFollowPos" value="false" refParamName="" useRefParam="false" />
        <bool name="b1stTickParentRot" value="false" refParamName="" useRefParam="false" />
        <bool name="bHideWhenDead" value="true" refParamName="" useRefParam="false" />
        <bool name="bIgnoreWhenHideModel" value="false" refParamName="" useRefParam="false" />
        <bool name="bRotateFollowCamera" value="false" refParamName="" useRefParam="false" />
        <bool name="bUse3DUICamera" value="false" refParamName="" useRefParam="false" />
        <bool name="bUseTargetSkinEffect" value="false" refParamName="" useRefParam="false" />
        <bool name="bReplayWhenChangeMesh" value="false" refParamName="" useRefParam="false" />
        <bool name="bTrailProtect" value="false" refParamName="" useRefParam="false" />
        <bool name="bKeepChildScale" value="false" refParamName="" useRefParam="false" />
        <int name="iDelayDisappearTime" value="0" refParamName="" useRefParam="false" />
        <bool name="bBulletPos" value="false" refParamName="" useRefParam="false" />
        <bool name="bBulletDir" value="false" refParamName="" useRefParam="false" />
        <int name="particleScaleGrow" value="0" refParamName="" useRefParam="false" />
        <bool name="enableMaxFollowTime" value="false" refParamName="" useRefParam="false" />
        <float name="maxFollowTime" value="0.000" refParamName="" useRefParam="false" />
        <bool name="bindOnHUD" value="false" refParamName="" useRefParam="false" />
        <Enum name="showInStatus" value="0" refParamName="" useRefParam="false">
          <uint name="任意状态" />
          <uint name="Idle状态" />
          <uint name="移动状态" />
          <uint name="死亡状态" />
          <uint name="其他状态" />
          <uint name="脱战状态" />
          <uint name="战斗状态" />
          <uint name="非隐藏在草丛" />
          <uint name="隐藏在草丛" />
        </Enum>
        <bool name="bExcludeSpecialActor" value="true" refParamName="" useRefParam="false" />
        <Enum name="ReplacementUsage" value="0" refParamName="" useRefParam="false">
          <uint name="无" />
          <uint name="回城特效" />
          <uint name="击杀特效" />
          <uint name="泉水加速特效" />
        </Enum>
        <Enum name="ReplacementSubUsage" value="0" refParamName="" useRefParam="false">
          <uint name="无" />
          <uint name="回城落地特效" />
        </Enum>
        <bool name="bNoDynamicLod" value="false" refParamName="" useRefParam="false" />
        <bool name="bMeshResouce" value="false" refParamName="" useRefParam="false" />
        <bool name="bAllowEmptyEffect" value="false" refParamName="" useRefParam="false" />
        <bool name="bSpecialBuffEffect" value="false" refParamName="" useRefParam="false" />
        <bool name="bActionCtrlObjs" value="false" refParamName="" useRefParam="false" />
        <bool name="bLayOnNavMesh" value="false" refParamName="" useRefParam="false" />
        <bool name="bInvisibleSelf" value="false" refParamName="" useRefParam="false" />
        <bool name="bInvisibleEnemy" value="false" refParamName="" useRefParam="false" />
        <bool name="bInvisibleTeamNotSelf" value="false" refParamName="" useRefParam="false" />
        <bool name="bInvisibleEnemyForTarget" value="false" refParamName="" useRefParam="false" />
        <String name="syncAnimationName" value="" refParamName="" useRefParam="false" />
        <bool name="bUseRootBoneScaling" value="false" refParamName="" useRefParam="false" />
        <bool name="bReverseXWhenCameraMirro" value="false" refParamName="" useRefParam="false" />
        <bool name="bReverseRotOffsetWhenCameraMirro" value="true" refParamName="" useRefParam="false" />
        <bool name="bApplySpecialEffect" value="false" refParamName="" useRefParam="false" />
        <bool name="bResetHurtColor" value="false" refParamName="" useRefParam="false" />
        <bool name="bSyncActorAnimation" value="true" refParamName="" useRefParam="false" />
        <bool name="bReverseXWhenCameraMirror" value="false" refParamName="" useRefParam="false" />
      </Event>
    </Track>
    <Track trackName="RemoveBuffTick1" eventType="RemoveBuffTick" guid="d5b7635b-8ec2-49e7-9385-1a549a619d6a" enabled="true" useRefParam="false" refParamName="" r="0.000" g="0.000" b="0.000" execOnForceStopped="false" execOnActionCompleted="false" stopAfterLastEvent="true">
      <Event eventName="RemoveBuffTick" time="0.000" isDuration="false" guid="88670970-cea8-4445-9b35-770627820a32">
        <TemplateObject name="targetId" objectName="self" id="0" isTemp="false" refParamName="" useRefParam="false" />
        <int name="buffId" value="501997" refParamName="" useRefParam="false" />
        <int name="BuffLayer" value="0" refParamName="" useRefParam="false" />
        <bool name="bAllControlBuff" value="false" refParamName="" useRefParam="false" />
        <bool name="bAllNagativeBuff" value="false" refParamName="" useRefParam="false" />
        <bool name="bAllPositiveBuff" value="false" refParamName="" useRefParam="false" />
        <bool name="bDontRefreshBuffTime" value="false" refParamName="" useRefParam="false" />
      </Event>
    </Track>
    <Track trackName="检查S1" eventType="CheckSkillCombineConditionDuration" guid="a9e18182-85d4-427e-8b43-69700f441b01" enabled="true" useRefParam="false" refParamName="" r="0.000" g="0.000" b="0.000" execOnForceStopped="false" execOnActionCompleted="false" stopAfterLastEvent="true">
      <Event eventName="CheckSkillCombineConditionDuration" time="0.000" length="5.000" isDuration="true" guid="e4d7b96c-b258-48de-9cb0-ede80d73e8e7">
        <TemplateObject name="targetId" objectName="self" id="0" isTemp="false" refParamName="" useRefParam="false" />
        <int name="skillCombineId" value="501100" refParamName="" useRefParam="false" />
        <Enum name="checkOPType" value="4" refParamName="" useRefParam="false">
          <uint name="不比较" />
          <uint name="小于" />
          <uint name="小等于" />
          <uint name="等于" />
          <uint name="大于" />
          <uint name="大等于" />
        </Enum>
        <int name="skillCombineLevel" value="0" refParamName="" useRefParam="false" />
        <TemplateObject name="skillCombineSrcId" objectName="None" id="-1" isTemp="false" refParamName="" useRefParam="false" />
        <bool name="bCheckSkillMark" value="false" refParamName="" useRefParam="false" />
      </Event>
    </Track>
    <Track trackName="移除狻猊特效" eventType="StopTrack" guid="4ad54189-20d3-4e8e-947c-16e1c13592ea" enabled="true" useRefParam="false" refParamName="" r="0.000" g="0.000" b="0.000" execOnForceStopped="false" execOnActionCompleted="false" stopAfterLastEvent="true">
      <Condition id="3" guid="a9e18182-85d4-427e-8b43-69700f441b01" status="true" />
      <Event eventName="StopTrack" time="0.000" isDuration="false" guid="a5d9c0cb-18f6-43fc-92f4-8c1550fc732d">
        <TrackObject name="trackId" id="1" guid="46400c0b-bed1-4c9c-b814-3b80bf518b6e" refParamName="" useRefParam="false" />
        <bool name="alsoStopNotStartedTrack" value="false" refParamName="" useRefParam="false" />
      </Event>
    </Track>
    <Track trackName="检查是否在泉水" eventType="CheckSkillCombineConditionDuration" guid="bef1cdfe-db5c-4ad6-8e14-00900e395dd4" enabled="true" useRefParam="false" refParamName="" r="0.000" g="0.000" b="0.000" execOnForceStopped="false" execOnActionCompleted="false" stopAfterLastEvent="true">
      <Event eventName="CheckSkillCombineConditionDuration" time="0.000" length="5.000" isDuration="true" guid="0c6ca8f5-19e0-4810-9c53-39490e2614c2">
        <TemplateObject name="targetId" objectName="self" id="0" isTemp="false" refParamName="" useRefParam="false" />
        <int name="skillCombineId" value="9000510" refParamName="" useRefParam="false" />
        <Enum name="checkOPType" value="4" refParamName="" useRefParam="false">
          <uint name="不比较" />
          <uint name="小于" />
          <uint name="小等于" />
          <uint name="等于" />
          <uint name="大于" />
          <uint name="大等于" />
        </Enum>
        <int name="skillCombineLevel" value="0" refParamName="" useRefParam="false" />
        <TemplateObject name="skillCombineSrcId" objectName="None" id="-1" isTemp="false" refParamName="" useRefParam="false" />
        <bool name="bCheckSkillMark" value="false" refParamName="" useRefParam="false" />
      </Event>
    </Track>
    <Track trackName="结束回调" eventType="HitTriggerTick" guid="26ae3136-f7c0-4818-a1e0-c3f7f1e13c8c" enabled="true" useRefParam="false" refParamName="" r="0.000" g="0.000" b="0.000" execOnForceStopped="false" execOnActionCompleted="false" stopAfterLastEvent="true">
      <Condition id="3" guid="a9e18182-85d4-427e-8b43-69700f441b01" status="true" />
      <Condition id="5" guid="bef1cdfe-db5c-4ad6-8e14-00900e395dd4" status="true" />
      <Event eventName="HitTriggerTick" time="0.500" isDuration="false" guid="ec50d88f-5b80-438b-bfcc-d87636541fac">
        <TemplateObject name="targetId" objectName="self" id="0" isTemp="false" refParamName="" useRefParam="false" />
        <TemplateObject name="hitTargetId" objectName="None" id="-1" isTemp="false" refParamName="" useRefParam="false" />
        <bool name="bInheritRefParams" value="false" refParamName="" useRefParam="false" />
        <bool name="bulletHit" value="false" refParamName="" useRefParam="false" />
        <TemplateObject name="victimId" objectName="None" id="-1" isTemp="false" refParamName="" useRefParam="false" />
        <bool name="lastHit" value="false" refParamName="" useRefParam="false" />
        <bool name="bSkillCombineChoose" value="false" refParamName="" useRefParam="false" />
        <int name="SelfSkillCombineID_1" value="501996" refParamName="" useRefParam="false" />
        <int name="SelfSkillCombineID_2" value="0" refParamName="" useRefParam="false" />
        <int name="SelfSkillCombineID_3" value="0" refParamName="" useRefParam="false" />
        <int name="SelfSkillCombineID1Probability" value="0" refParamName="" useRefParam="false" />
        <int name="SelfSkillCombineID2Probability" value="0" refParamName="" useRefParam="false" />
        <int name="SelfSkillCombineID3Probability" value="0" refParamName="" useRefParam="false" />
        <int name="TargetSkillCombine_1" value="0" refParamName="" useRefParam="false" />
        <int name="TargetSkillCombine_2" value="0" refParamName="" useRefParam="false" />
        <int name="TargetSkillCombine_3" value="0" refParamName="" useRefParam="false" />
        <int name="TargetSkillCombineID1Probability" value="0" refParamName="" useRefParam="false" />
        <int name="TargetSkillCombineID2Probability" value="0" refParamName="" useRefParam="false" />
        <int name="TargetSkillCombineID3Probability" value="0" refParamName="" useRefParam="false" />
        <bool name="bCheckSight" value="false" refParamName="" useRefParam="false" />
        <bool name="bCheckSkillLevel" value="false" refParamName="" useRefParam="false" />
        <Enum name="refSkillSlot" value="1" refParamName="" useRefParam="false">
          <uint name="普攻" />
          <uint name="技能1" />
          <uint name="技能2" />
          <uint name="技能3" />
          <uint name="技能4" />
          <uint name="天赋技能" />
          <uint name="回城" />
          <uint name="饰品栏技能" />
          <uint name="" />
          <uint name="" />
          <uint name="" />
        </Enum>
        <int name="refSkillLevel" value="0" refParamName="" useRefParam="false" />
        <Enum name="compareOPType" value="3" refParamName="" useRefParam="false">
          <uint name="不比较" />
          <uint name="小于" />
          <uint name="小等于" />
          <uint name="等于" />
          <uint name="大于" />
          <uint name="大等于" />
          <uint name="" />
          <uint name="" />
          <uint name="" />
        </Enum>
        <TemplateObject name="triggerId" objectName="None" id="-1" isTemp="false" refParamName="" useRefParam="false" />
        <bool name="bExtraBuff" value="false" refParamName="" useRefParam="false" />
        <bool name="bOverrideParam" value="false" refParamName="" useRefParam="false" />
        <int name="buffOverrideParam1" value="0" refParamName="" useRefParam="false" />
        <int name="buffOverrideParam2" value="0" refParamName="" useRefParam="false" />
        <int name="buffOverrideParam3" value="0" refParamName="" useRefParam="false" />
        <int name="buffOverrideParam4" value="0" refParamName="" useRefParam="false" />
        <int name="buffOverrideParam5" value="0" refParamName="" useRefParam="false" />
        <TemplateObject name="paramTargetId" objectName="None" id="-1" isTemp="false" refParamName="" useRefParam="false" />
        <TemplateObject name="paramTargetId2" objectName="None" id="-1" isTemp="false" refParamName="" useRefParam="false" />
        <bool name="bUseTargetToHitTargetAsEffectDir" value="false" refParamName="" useRefParam="false" />
      </Event>
    </Track>
    <Track trackName="检查S2" eventType="CheckUseSkillDuration" guid="bd3ad003-add5-43ef-a621-fe5e9a7dab29" enabled="true" useRefParam="false" refParamName="" r="0.000" g="0.000" b="0.000" execOnForceStopped="false" execOnActionCompleted="false" stopAfterLastEvent="true">
      <Event eventName="CheckUseSkillDuration" time="0.000" length="5.000" isDuration="true" guid="a43e4dae-a86e-4497-a057-14bde581e390">
        <TemplateObject name="targetId" objectName="self" id="0" isTemp="false" refParamName="" useRefParam="false" />
        <bool name="mainSkill" value="true" refParamName="" useRefParam="false" />
        <bool name="bIncludeSlot1" value="false" refParamName="" useRefParam="false" />
        <bool name="bIncludeSlot2" value="true" refParamName="" useRefParam="false" />
        <bool name="bIncludeSlot3" value="false" refParamName="" useRefParam="false" />
        <bool name="commonAttack" value="false" refParamName="" useRefParam="false" />
        <bool name="otherSkill" value="false" refParamName="" useRefParam="false" />
        <bool name="bIncludeSlot4" value="true" refParamName="" useRefParam="false" />
        <bool name="bIncludeSlot5" value="true" refParamName="" useRefParam="false" />
        <bool name="bIncludeSlot6" value="true" refParamName="" useRefParam="false" />
        <bool name="bIncludeSlot7" value="true" refParamName="" useRefParam="false" />
        <bool name="bIncludeSlot9" value="true" refParamName="" useRefParam="false" />
        <bool name="bIncludeSlot10" value="true" refParamName="" useRefParam="false" />
        <bool name="bIncludeSlot11" value="true" refParamName="" useRefParam="false" />
      </Event>
    </Track>
    <Track trackName="移除狻猊特效" eventType="StopTrack" guid="c277566c-1c3d-45a0-a2a3-34efff6219d8" enabled="true" useRefParam="false" refParamName="" r="0.000" g="0.000" b="0.000" execOnForceStopped="false" execOnActionCompleted="false" stopAfterLastEvent="true">
      <Condition id="7" guid="bd3ad003-add5-43ef-a621-fe5e9a7dab29" status="true" />
      <Event eventName="StopTrack" time="0.000" isDuration="false" guid="22a76edf-eeb9-4eb0-8167-f9cc3a55aeae">
        <TrackObject name="trackId" id="1" guid="46400c0b-bed1-4c9c-b814-3b80bf518b6e" refParamName="" useRefParam="false" />
        <bool name="alsoStopNotStartedTrack" value="false" refParamName="" useRefParam="false" />
      </Event>
    </Track>
    <Track trackName="检查是否在泉水" eventType="CheckSkillCombineConditionDuration" guid="c18663d4-6645-4a2b-9a54-01387ff71807" enabled="true" useRefParam="false" refParamName="" r="0.000" g="0.000" b="0.000" execOnForceStopped="false" execOnActionCompleted="false" stopAfterLastEvent="true">
      <Event eventName="CheckSkillCombineConditionDuration" time="0.000" length="5.000" isDuration="true" guid="4de370f5-761d-43d3-8b6c-2863d9eed80e">
        <TemplateObject name="targetId" objectName="self" id="0" isTemp="false" refParamName="" useRefParam="false" />
        <int name="skillCombineId" value="9000510" refParamName="" useRefParam="false" />
        <Enum name="checkOPType" value="4" refParamName="" useRefParam="false">
          <uint name="不比较" />
          <uint name="小于" />
          <uint name="小等于" />
          <uint name="等于" />
          <uint name="大于" />
          <uint name="大等于" />
        </Enum>
        <int name="skillCombineLevel" value="0" refParamName="" useRefParam="false" />
        <TemplateObject name="skillCombineSrcId" objectName="None" id="-1" isTemp="false" refParamName="" useRefParam="false" />
        <bool name="bCheckSkillMark" value="false" refParamName="" useRefParam="false" />
      </Event>
    </Track>
    <Track trackName="结束回调" eventType="HitTriggerTick" guid="c79eaacc-b746-4acf-a683-4bb4e58fb037" enabled="true" useRefParam="false" refParamName="" r="0.000" g="0.000" b="0.000" execOnForceStopped="false" execOnActionCompleted="false" stopAfterLastEvent="true">
      <Condition id="7" guid="bd3ad003-add5-43ef-a621-fe5e9a7dab29" status="true" />
      <Condition id="9" guid="c18663d4-6645-4a2b-9a54-01387ff71807" status="true" />
      <Event eventName="HitTriggerTick" time="1.000" isDuration="false" guid="357a176c-4023-4c71-9e3f-218f56cad79d">
        <TemplateObject name="targetId" objectName="self" id="0" isTemp="false" refParamName="" useRefParam="false" />
        <TemplateObject name="hitTargetId" objectName="None" id="-1" isTemp="false" refParamName="" useRefParam="false" />
        <bool name="bInheritRefParams" value="false" refParamName="" useRefParam="false" />
        <bool name="bulletHit" value="false" refParamName="" useRefParam="false" />
        <TemplateObject name="victimId" objectName="None" id="-1" isTemp="false" refParamName="" useRefParam="false" />
        <bool name="lastHit" value="false" refParamName="" useRefParam="false" />
        <bool name="bSkillCombineChoose" value="false" refParamName="" useRefParam="false" />
        <int name="SelfSkillCombineID_1" value="501996" refParamName="" useRefParam="false" />
        <int name="SelfSkillCombineID_2" value="0" refParamName="" useRefParam="false" />
        <int name="SelfSkillCombineID_3" value="0" refParamName="" useRefParam="false" />
        <int name="SelfSkillCombineID1Probability" value="0" refParamName="" useRefParam="false" />
        <int name="SelfSkillCombineID2Probability" value="0" refParamName="" useRefParam="false" />
        <int name="SelfSkillCombineID3Probability" value="0" refParamName="" useRefParam="false" />
        <int name="TargetSkillCombine_1" value="0" refParamName="" useRefParam="false" />
        <int name="TargetSkillCombine_2" value="0" refParamName="" useRefParam="false" />
        <int name="TargetSkillCombine_3" value="0" refParamName="" useRefParam="false" />
        <int name="TargetSkillCombineID1Probability" value="0" refParamName="" useRefParam="false" />
        <int name="TargetSkillCombineID2Probability" value="0" refParamName="" useRefParam="false" />
        <int name="TargetSkillCombineID3Probability" value="0" refParamName="" useRefParam="false" />
        <bool name="bCheckSight" value="false" refParamName="" useRefParam="false" />
        <bool name="bCheckSkillLevel" value="false" refParamName="" useRefParam="false" />
        <Enum name="refSkillSlot" value="1" refParamName="" useRefParam="false">
          <uint name="普攻" />
          <uint name="技能1" />
          <uint name="技能2" />
          <uint name="技能3" />
          <uint name="技能4" />
          <uint name="天赋技能" />
          <uint name="回城" />
          <uint name="饰品栏技能" />
          <uint name="" />
          <uint name="" />
          <uint name="" />
        </Enum>
        <int name="refSkillLevel" value="0" refParamName="" useRefParam="false" />
        <Enum name="compareOPType" value="3" refParamName="" useRefParam="false">
          <uint name="不比较" />
          <uint name="小于" />
          <uint name="小等于" />
          <uint name="等于" />
          <uint name="大于" />
          <uint name="大等于" />
          <uint name="" />
          <uint name="" />
          <uint name="" />
        </Enum>
        <TemplateObject name="triggerId" objectName="None" id="-1" isTemp="false" refParamName="" useRefParam="false" />
        <bool name="bExtraBuff" value="false" refParamName="" useRefParam="false" />
        <bool name="bOverrideParam" value="false" refParamName="" useRefParam="false" />
        <int name="buffOverrideParam1" value="0" refParamName="" useRefParam="false" />
        <int name="buffOverrideParam2" value="0" refParamName="" useRefParam="false" />
        <int name="buffOverrideParam3" value="0" refParamName="" useRefParam="false" />
        <int name="buffOverrideParam4" value="0" refParamName="" useRefParam="false" />
        <int name="buffOverrideParam5" value="0" refParamName="" useRefParam="false" />
        <TemplateObject name="paramTargetId" objectName="None" id="-1" isTemp="false" refParamName="" useRefParam="false" />
        <TemplateObject name="paramTargetId2" objectName="None" id="-1" isTemp="false" refParamName="" useRefParam="false" />
        <bool name="bUseTargetToHitTargetAsEffectDir" value="false" refParamName="" useRefParam="false" />
      </Event>
    </Track>
    <Track trackName="检查U1" eventType="CheckUseSkillDuration" guid="f2f9b356-9fc2-46ad-8641-992135c81089" enabled="true" useRefParam="false" refParamName="" r="0.000" g="0.000" b="0.000" execOnForceStopped="false" execOnActionCompleted="false" stopAfterLastEvent="true">
      <Event eventName="CheckUseSkillDuration" time="0.005" length="5.000" isDuration="true" guid="56ec870a-3756-4dc0-8172-dfcb227f3abf">
        <TemplateObject name="targetId" objectName="self" id="0" isTemp="false" refParamName="" useRefParam="false" />
        <bool name="mainSkill" value="true" refParamName="" useRefParam="false" />
        <bool name="bIncludeSlot1" value="false" refParamName="" useRefParam="false" />
        <bool name="bIncludeSlot2" value="false" refParamName="" useRefParam="false" />
        <bool name="bIncludeSlot3" value="true" refParamName="" useRefParam="false" />
        <bool name="commonAttack" value="false" refParamName="" useRefParam="false" />
        <bool name="otherSkill" value="false" refParamName="" useRefParam="false" />
        <bool name="bIncludeSlot4" value="true" refParamName="" useRefParam="false" />
        <bool name="bIncludeSlot5" value="true" refParamName="" useRefParam="false" />
        <bool name="bIncludeSlot6" value="true" refParamName="" useRefParam="false" />
        <bool name="bIncludeSlot7" value="true" refParamName="" useRefParam="false" />
        <bool name="bIncludeSlot9" value="true" refParamName="" useRefParam="false" />
        <bool name="bIncludeSlot10" value="true" refParamName="" useRefParam="false" />
        <bool name="bIncludeSlot11" value="true" refParamName="" useRefParam="false" />
      </Event>
    </Track>
    <Track trackName="移除狻猊特效" eventType="StopTrack" guid="d8e5470d-89c0-419e-978d-2f93c6638c80" enabled="true" useRefParam="false" refParamName="" r="0.000" g="0.000" b="0.000" execOnForceStopped="false" execOnActionCompleted="false" stopAfterLastEvent="true">
      <Condition id="11" guid="f2f9b356-9fc2-46ad-8641-992135c81089" status="true" />
      <Event eventName="StopTrack" time="0.000" isDuration="false" guid="6f888ad7-375a-450e-a881-2f9fbfc5d80e">
        <TrackObject name="trackId" id="1" guid="46400c0b-bed1-4c9c-b814-3b80bf518b6e" refParamName="" useRefParam="false" />
        <bool name="alsoStopNotStartedTrack" value="false" refParamName="" useRefParam="false" />
      </Event>
    </Track>
    <Track trackName="检查是否在泉水" eventType="CheckSkillCombineConditionDuration" guid="7b90ef56-06a7-4481-b5f8-c2db7c8575d1" enabled="true" useRefParam="false" refParamName="" r="0.000" g="0.000" b="0.000" execOnForceStopped="false" execOnActionCompleted="false" stopAfterLastEvent="true">
      <Event eventName="CheckSkillCombineConditionDuration" time="0.000" length="5.000" isDuration="true" guid="f9d957e8-a05b-4125-bb96-9cfa414a188b">
        <TemplateObject name="targetId" objectName="self" id="0" isTemp="false" refParamName="" useRefParam="false" />
        <int name="skillCombineId" value="9000510" refParamName="" useRefParam="false" />
        <Enum name="checkOPType" value="4" refParamName="" useRefParam="false">
          <uint name="不比较" />
          <uint name="小于" />
          <uint name="小等于" />
          <uint name="等于" />
          <uint name="大于" />
          <uint name="大等于" />
        </Enum>
        <int name="skillCombineLevel" value="0" refParamName="" useRefParam="false" />
        <TemplateObject name="skillCombineSrcId" objectName="None" id="-1" isTemp="false" refParamName="" useRefParam="false" />
        <bool name="bCheckSkillMark" value="false" refParamName="" useRefParam="false" />
      </Event>
    </Track>
    <Track trackName="结束回调" eventType="HitTriggerTick" guid="171334c7-9cf2-476a-926b-e3e45a74e7dc" enabled="true" useRefParam="false" refParamName="" r="0.000" g="0.000" b="0.000" execOnForceStopped="false" execOnActionCompleted="false" stopAfterLastEvent="true">
      <Condition id="13" guid="7b90ef56-06a7-4481-b5f8-c2db7c8575d1" status="true" />
      <Condition id="11" guid="f2f9b356-9fc2-46ad-8641-992135c81089" status="true" />
      <Event eventName="HitTriggerTick" time="1.500" isDuration="false" guid="6e8e638d-9211-4e3b-aa99-095bfdadebf6">
        <TemplateObject name="targetId" objectName="self" id="0" isTemp="false" refParamName="" useRefParam="false" />
        <TemplateObject name="hitTargetId" objectName="None" id="-1" isTemp="false" refParamName="" useRefParam="false" />
        <bool name="bInheritRefParams" value="false" refParamName="" useRefParam="false" />
        <bool name="bulletHit" value="false" refParamName="" useRefParam="false" />
        <TemplateObject name="victimId" objectName="None" id="-1" isTemp="false" refParamName="" useRefParam="false" />
        <bool name="lastHit" value="false" refParamName="" useRefParam="false" />
        <bool name="bSkillCombineChoose" value="false" refParamName="" useRefParam="false" />
        <int name="SelfSkillCombineID_1" value="501996" refParamName="" useRefParam="false" />
        <int name="SelfSkillCombineID_2" value="0" refParamName="" useRefParam="false" />
        <int name="SelfSkillCombineID_3" value="0" refParamName="" useRefParam="false" />
        <int name="SelfSkillCombineID1Probability" value="0" refParamName="" useRefParam="false" />
        <int name="SelfSkillCombineID2Probability" value="0" refParamName="" useRefParam="false" />
        <int name="SelfSkillCombineID3Probability" value="0" refParamName="" useRefParam="false" />
        <int name="TargetSkillCombine_1" value="0" refParamName="" useRefParam="false" />
        <int name="TargetSkillCombine_2" value="0" refParamName="" useRefParam="false" />
        <int name="TargetSkillCombine_3" value="0" refParamName="" useRefParam="false" />
        <int name="TargetSkillCombineID1Probability" value="0" refParamName="" useRefParam="false" />
        <int name="TargetSkillCombineID2Probability" value="0" refParamName="" useRefParam="false" />
        <int name="TargetSkillCombineID3Probability" value="0" refParamName="" useRefParam="false" />
        <bool name="bCheckSight" value="false" refParamName="" useRefParam="false" />
        <bool name="bCheckSkillLevel" value="false" refParamName="" useRefParam="false" />
        <Enum name="refSkillSlot" value="1" refParamName="" useRefParam="false">
          <uint name="普攻" />
          <uint name="技能1" />
          <uint name="技能2" />
          <uint name="技能3" />
          <uint name="技能4" />
          <uint name="天赋技能" />
          <uint name="回城" />
          <uint name="饰品栏技能" />
          <uint name="" />
          <uint name="" />
          <uint name="" />
        </Enum>
        <int name="refSkillLevel" value="0" refParamName="" useRefParam="false" />
        <Enum name="compareOPType" value="3" refParamName="" useRefParam="false">
          <uint name="不比较" />
          <uint name="小于" />
          <uint name="小等于" />
          <uint name="等于" />
          <uint name="大于" />
          <uint name="大等于" />
          <uint name="" />
          <uint name="" />
          <uint name="" />
        </Enum>
        <TemplateObject name="triggerId" objectName="None" id="-1" isTemp="false" refParamName="" useRefParam="false" />
        <bool name="bExtraBuff" value="false" refParamName="" useRefParam="false" />
        <bool name="bOverrideParam" value="false" refParamName="" useRefParam="false" />
        <int name="buffOverrideParam1" value="0" refParamName="" useRefParam="false" />
        <int name="buffOverrideParam2" value="0" refParamName="" useRefParam="false" />
        <int name="buffOverrideParam3" value="0" refParamName="" useRefParam="false" />
        <int name="buffOverrideParam4" value="0" refParamName="" useRefParam="false" />
        <int name="buffOverrideParam5" value="0" refParamName="" useRefParam="false" />
        <TemplateObject name="paramTargetId" objectName="None" id="-1" isTemp="false" refParamName="" useRefParam="false" />
        <TemplateObject name="paramTargetId2" objectName="None" id="-1" isTemp="false" refParamName="" useRefParam="false" />
        <bool name="bUseTargetToHitTargetAsEffectDir" value="false" refParamName="" useRefParam="false" />
      </Event>
    </Track>
    <Track trackName="检查普攻" eventType="CheckUseSkillDuration" guid="ec234595-6494-470a-8a08-1e1c75e2029a" enabled="true" useRefParam="false" refParamName="" r="0.000" g="0.000" b="0.000" execOnForceStopped="false" execOnActionCompleted="false" stopAfterLastEvent="true">
      <Event eventName="CheckUseSkillDuration" time="0.000" length="5.000" isDuration="true" guid="98edbf1f-fee1-4aba-901a-f8eac22403fd">
        <TemplateObject name="targetId" objectName="self" id="0" isTemp="false" refParamName="" useRefParam="false" />
        <bool name="mainSkill" value="false" refParamName="" useRefParam="false" />
        <bool name="bIncludeSlot1" value="false" refParamName="" useRefParam="false" />
        <bool name="bIncludeSlot2" value="false" refParamName="" useRefParam="false" />
        <bool name="bIncludeSlot3" value="false" refParamName="" useRefParam="false" />
        <bool name="commonAttack" value="true" refParamName="" useRefParam="false" />
        <bool name="otherSkill" value="true" refParamName="" useRefParam="false" />
        <bool name="bIncludeSlot4" value="false" refParamName="" useRefParam="false" />
        <bool name="bIncludeSlot5" value="false" refParamName="" useRefParam="false" />
        <bool name="bIncludeSlot6" value="false" refParamName="" useRefParam="false" />
        <bool name="bIncludeSlot7" value="false" refParamName="" useRefParam="false" />
        <bool name="bIncludeSlot9" value="false" refParamName="" useRefParam="false" />
        <bool name="bIncludeSlot10" value="false" refParamName="" useRefParam="false" />
        <bool name="bIncludeSlot11" value="false" refParamName="" useRefParam="false" />
      </Event>
    </Track>
    <Track trackName="移除狻猊特效" eventType="StopTrack" guid="18a9f4dd-655d-4856-b727-5bf68a3acadf" enabled="true" useRefParam="false" refParamName="" r="0.000" g="0.000" b="0.000" execOnForceStopped="false" execOnActionCompleted="false" stopAfterLastEvent="true">
      <Condition id="15" guid="ec234595-6494-470a-8a08-1e1c75e2029a" status="true" />
      <Event eventName="StopTrack" time="0.000" isDuration="false" guid="49f43a7a-627a-404a-b028-10640abdb59f">
        <TrackObject name="trackId" id="1" guid="46400c0b-bed1-4c9c-b814-3b80bf518b6e" refParamName="" useRefParam="false" />
        <bool name="alsoStopNotStartedTrack" value="false" refParamName="" useRefParam="false" />
      </Event>
    </Track>
    <Track trackName="检查是否在泉水" eventType="CheckSkillCombineConditionDuration" guid="91ea5616-36d7-4f69-97d2-efdfc998ebaa" enabled="true" useRefParam="false" refParamName="" r="0.000" g="0.000" b="0.000" execOnForceStopped="false" execOnActionCompleted="false" stopAfterLastEvent="true">
      <Event eventName="CheckSkillCombineConditionDuration" time="0.000" length="5.000" isDuration="true" guid="afbfa550-08bd-48f8-8ed6-93d25ff1b173">
        <TemplateObject name="targetId" objectName="self" id="0" isTemp="false" refParamName="" useRefParam="false" />
        <int name="skillCombineId" value="9000510" refParamName="" useRefParam="false" />
        <Enum name="checkOPType" value="4" refParamName="" useRefParam="false">
          <uint name="不比较" />
          <uint name="小于" />
          <uint name="小等于" />
          <uint name="等于" />
          <uint name="大于" />
          <uint name="大等于" />
        </Enum>
        <int name="skillCombineLevel" value="0" refParamName="" useRefParam="false" />
        <TemplateObject name="skillCombineSrcId" objectName="None" id="-1" isTemp="false" refParamName="" useRefParam="false" />
        <bool name="bCheckSkillMark" value="false" refParamName="" useRefParam="false" />
      </Event>
    </Track>
    <Track trackName="结束回调" eventType="HitTriggerTick" guid="f15359bf-35b2-428a-8be5-5616e1980bf5" enabled="true" useRefParam="false" refParamName="" r="0.000" g="0.000" b="0.000" execOnForceStopped="false" execOnActionCompleted="false" stopAfterLastEvent="true">
      <Condition id="17" guid="91ea5616-36d7-4f69-97d2-efdfc998ebaa" status="true" />
      <Condition id="15" guid="ec234595-6494-470a-8a08-1e1c75e2029a" status="true" />
      <Event eventName="HitTriggerTick" time="0.966" isDuration="false" guid="a7f73eee-e27a-4ec5-b7af-fbc84a5e3b86">
        <TemplateObject name="targetId" objectName="self" id="0" isTemp="false" refParamName="" useRefParam="false" />
        <TemplateObject name="hitTargetId" objectName="None" id="-1" isTemp="false" refParamName="" useRefParam="false" />
        <bool name="bInheritRefParams" value="false" refParamName="" useRefParam="false" />
        <bool name="bulletHit" value="false" refParamName="" useRefParam="false" />
        <TemplateObject name="victimId" objectName="None" id="-1" isTemp="false" refParamName="" useRefParam="false" />
        <bool name="lastHit" value="false" refParamName="" useRefParam="false" />
        <bool name="bSkillCombineChoose" value="false" refParamName="" useRefParam="false" />
        <int name="SelfSkillCombineID_1" value="501996" refParamName="" useRefParam="false" />
        <int name="SelfSkillCombineID_2" value="0" refParamName="" useRefParam="false" />
        <int name="SelfSkillCombineID_3" value="0" refParamName="" useRefParam="false" />
        <int name="SelfSkillCombineID1Probability" value="0" refParamName="" useRefParam="false" />
        <int name="SelfSkillCombineID2Probability" value="0" refParamName="" useRefParam="false" />
        <int name="SelfSkillCombineID3Probability" value="0" refParamName="" useRefParam="false" />
        <int name="TargetSkillCombine_1" value="0" refParamName="" useRefParam="false" />
        <int name="TargetSkillCombine_2" value="0" refParamName="" useRefParam="false" />
        <int name="TargetSkillCombine_3" value="0" refParamName="" useRefParam="false" />
        <int name="TargetSkillCombineID1Probability" value="0" refParamName="" useRefParam="false" />
        <int name="TargetSkillCombineID2Probability" value="0" refParamName="" useRefParam="false" />
        <int name="TargetSkillCombineID3Probability" value="0" refParamName="" useRefParam="false" />
        <bool name="bCheckSight" value="false" refParamName="" useRefParam="false" />
        <bool name="bCheckSkillLevel" value="false" refParamName="" useRefParam="false" />
        <Enum name="refSkillSlot" value="1" refParamName="" useRefParam="false">
          <uint name="普攻" />
          <uint name="技能1" />
          <uint name="技能2" />
          <uint name="技能3" />
          <uint name="技能4" />
          <uint name="天赋技能" />
          <uint name="回城" />
          <uint name="饰品栏技能" />
          <uint name="" />
          <uint name="" />
          <uint name="" />
        </Enum>
        <int name="refSkillLevel" value="0" refParamName="" useRefParam="false" />
        <Enum name="compareOPType" value="3" refParamName="" useRefParam="false">
          <uint name="不比较" />
          <uint name="小于" />
          <uint name="小等于" />
          <uint name="等于" />
          <uint name="大于" />
          <uint name="大等于" />
          <uint name="" />
          <uint name="" />
          <uint name="" />
        </Enum>
        <TemplateObject name="triggerId" objectName="None" id="-1" isTemp="false" refParamName="" useRefParam="false" />
        <bool name="bExtraBuff" value="false" refParamName="" useRefParam="false" />
        <bool name="bOverrideParam" value="false" refParamName="" useRefParam="false" />
        <int name="buffOverrideParam1" value="0" refParamName="" useRefParam="false" />
        <int name="buffOverrideParam2" value="0" refParamName="" useRefParam="false" />
        <int name="buffOverrideParam3" value="0" refParamName="" useRefParam="false" />
        <int name="buffOverrideParam4" value="0" refParamName="" useRefParam="false" />
        <int name="buffOverrideParam5" value="0" refParamName="" useRefParam="false" />
        <TemplateObject name="paramTargetId" objectName="None" id="-1" isTemp="false" refParamName="" useRefParam="false" />
        <TemplateObject name="paramTargetId2" objectName="None" id="-1" isTemp="false" refParamName="" useRefParam="false" />
        <bool name="bUseTargetToHitTargetAsEffectDir" value="false" refParamName="" useRefParam="false" />
      </Event>
    </Track>
    <Track trackName="检查回城" eventType="CheckUseSkillDuration" guid="4f02b425-c583-4bdc-b5cc-56c199c8b722" enabled="true" useRefParam="false" refParamName="" r="0.000" g="0.000" b="0.000" execOnForceStopped="false" execOnActionCompleted="false" stopAfterLastEvent="true">
      <Event eventName="CheckUseSkillDuration" time="0.000" length="5.000" isDuration="true" guid="e3813cbf-5803-4c73-a392-4c02aacea97c">
        <TemplateObject name="targetId" objectName="self" id="0" isTemp="false" refParamName="" useRefParam="false" />
        <bool name="mainSkill" value="false" refParamName="" useRefParam="false" />
        <bool name="bIncludeSlot1" value="false" refParamName="" useRefParam="false" />
        <bool name="bIncludeSlot2" value="false" refParamName="" useRefParam="false" />
        <bool name="bIncludeSlot3" value="false" refParamName="" useRefParam="false" />
        <bool name="commonAttack" value="false" refParamName="" useRefParam="false" />
        <bool name="otherSkill" value="true" refParamName="" useRefParam="false" />
        <bool name="bIncludeSlot4" value="false" refParamName="" useRefParam="false" />
        <bool name="bIncludeSlot5" value="false" refParamName="" useRefParam="false" />
        <bool name="bIncludeSlot6" value="true" refParamName="" useRefParam="false" />
        <bool name="bIncludeSlot7" value="false" refParamName="" useRefParam="false" />
        <bool name="bIncludeSlot9" value="false" refParamName="" useRefParam="false" />
        <bool name="bIncludeSlot10" value="false" refParamName="" useRefParam="false" />
        <bool name="bIncludeSlot11" value="false" refParamName="" useRefParam="false" />
      </Event>
    </Track>
    <Track trackName="移除狻猊特效" eventType="StopTrack" guid="57c6df53-df11-4aa9-aa61-362b6bc4af7a" enabled="true" useRefParam="false" refParamName="" r="0.000" g="0.000" b="0.000" execOnForceStopped="false" execOnActionCompleted="false" stopAfterLastEvent="true">
      <Condition id="19" guid="4f02b425-c583-4bdc-b5cc-56c199c8b722" status="true" />
      <Event eventName="StopTrack" time="0.000" isDuration="false" guid="9851e992-2de2-4927-a45a-4771b8a8d24d">
        <TrackObject name="trackId" id="1" guid="46400c0b-bed1-4c9c-b814-3b80bf518b6e" refParamName="" useRefParam="false" />
        <bool name="alsoStopNotStartedTrack" value="false" refParamName="" useRefParam="false" />
      </Event>
    </Track>
    <Track trackName="检查是否在泉水" eventType="CheckSkillCombineConditionDuration" guid="9caa7993-d629-433f-9b32-6ed13387814f" enabled="true" useRefParam="false" refParamName="" r="0.000" g="0.000" b="0.000" execOnForceStopped="false" execOnActionCompleted="false" stopAfterLastEvent="true">
      <Event eventName="CheckSkillCombineConditionDuration" time="0.000" length="5.000" isDuration="true" guid="c4654907-73c1-4eed-8cb8-5ef4bc353a94">
        <TemplateObject name="targetId" objectName="self" id="0" isTemp="false" refParamName="" useRefParam="false" />
        <int name="skillCombineId" value="9000510" refParamName="" useRefParam="false" />
        <Enum name="checkOPType" value="4" refParamName="" useRefParam="false">
          <uint name="不比较" />
          <uint name="小于" />
          <uint name="小等于" />
          <uint name="等于" />
          <uint name="大于" />
          <uint name="大等于" />
        </Enum>
        <int name="skillCombineLevel" value="0" refParamName="" useRefParam="false" />
        <TemplateObject name="skillCombineSrcId" objectName="None" id="-1" isTemp="false" refParamName="" useRefParam="false" />
        <bool name="bCheckSkillMark" value="false" refParamName="" useRefParam="false" />
      </Event>
    </Track>
    <Track trackName="结束回调" eventType="HitTriggerTick" guid="dab5c365-3fe4-43dc-99c0-5cd37a617f15" enabled="true" useRefParam="false" refParamName="" r="0.000" g="0.000" b="0.000" execOnForceStopped="false" execOnActionCompleted="false" stopAfterLastEvent="true">
      <Condition id="19" guid="4f02b425-c583-4bdc-b5cc-56c199c8b722" status="true" />
      <Condition id="21" guid="9caa7993-d629-433f-9b32-6ed13387814f" status="true" />
      <Event eventName="HitTriggerTick" time="7.000" isDuration="false" guid="a2ca7654-9cd0-4d09-a3a7-178ce78de1b7">
        <TemplateObject name="targetId" objectName="self" id="0" isTemp="false" refParamName="" useRefParam="false" />
        <TemplateObject name="hitTargetId" objectName="None" id="-1" isTemp="false" refParamName="" useRefParam="false" />
        <bool name="bInheritRefParams" value="false" refParamName="" useRefParam="false" />
        <bool name="bulletHit" value="false" refParamName="" useRefParam="false" />
        <TemplateObject name="victimId" objectName="None" id="-1" isTemp="false" refParamName="" useRefParam="false" />
        <bool name="lastHit" value="false" refParamName="" useRefParam="false" />
        <bool name="bSkillCombineChoose" value="false" refParamName="" useRefParam="false" />
        <int name="SelfSkillCombineID_1" value="501996" refParamName="" useRefParam="false" />
        <int name="SelfSkillCombineID_2" value="0" refParamName="" useRefParam="false" />
        <int name="SelfSkillCombineID_3" value="0" refParamName="" useRefParam="false" />
        <int name="SelfSkillCombineID1Probability" value="0" refParamName="" useRefParam="false" />
        <int name="SelfSkillCombineID2Probability" value="0" refParamName="" useRefParam="false" />
        <int name="SelfSkillCombineID3Probability" value="0" refParamName="" useRefParam="false" />
        <int name="TargetSkillCombine_1" value="0" refParamName="" useRefParam="false" />
        <int name="TargetSkillCombine_2" value="0" refParamName="" useRefParam="false" />
        <int name="TargetSkillCombine_3" value="0" refParamName="" useRefParam="false" />
        <int name="TargetSkillCombineID1Probability" value="0" refParamName="" useRefParam="false" />
        <int name="TargetSkillCombineID2Probability" value="0" refParamName="" useRefParam="false" />
        <int name="TargetSkillCombineID3Probability" value="0" refParamName="" useRefParam="false" />
        <bool name="bCheckSight" value="false" refParamName="" useRefParam="false" />
        <bool name="bCheckSkillLevel" value="false" refParamName="" useRefParam="false" />
        <Enum name="refSkillSlot" value="1" refParamName="" useRefParam="false">
          <uint name="普攻" />
          <uint name="技能1" />
          <uint name="技能2" />
          <uint name="技能3" />
          <uint name="技能4" />
          <uint name="天赋技能" />
          <uint name="回城" />
          <uint name="饰品栏技能" />
          <uint name="" />
          <uint name="" />
          <uint name="" />
        </Enum>
        <int name="refSkillLevel" value="0" refParamName="" useRefParam="false" />
        <Enum name="compareOPType" value="3" refParamName="" useRefParam="false">
          <uint name="不比较" />
          <uint name="小于" />
          <uint name="小等于" />
          <uint name="等于" />
          <uint name="大于" />
          <uint name="大等于" />
          <uint name="" />
          <uint name="" />
          <uint name="" />
        </Enum>
        <TemplateObject name="triggerId" objectName="None" id="-1" isTemp="false" refParamName="" useRefParam="false" />
        <bool name="bExtraBuff" value="false" refParamName="" useRefParam="false" />
        <bool name="bOverrideParam" value="false" refParamName="" useRefParam="false" />
        <int name="buffOverrideParam1" value="0" refParamName="" useRefParam="false" />
        <int name="buffOverrideParam2" value="0" refParamName="" useRefParam="false" />
        <int name="buffOverrideParam3" value="0" refParamName="" useRefParam="false" />
        <int name="buffOverrideParam4" value="0" refParamName="" useRefParam="false" />
        <int name="buffOverrideParam5" value="0" refParamName="" useRefParam="false" />
        <TemplateObject name="paramTargetId" objectName="None" id="-1" isTemp="false" refParamName="" useRefParam="false" />
        <TemplateObject name="paramTargetId2" objectName="None" id="-1" isTemp="false" refParamName="" useRefParam="false" />
        <bool name="bUseTargetToHitTargetAsEffectDir" value="false" refParamName="" useRefParam="false" />
      </Event>
    </Track>
  </Action>
</Project>