﻿<?xml version="1.0" encoding="utf-8"?>
<Project>
  <TemplateObjectList>
    <TemplateObject objectName="self" id="0" isTemp="false" />
    <TemplateObject objectName="target" id="1" isTemp="false" />
    <TemplateObject objectName="bullet" id="2" isTemp="true" />
  </TemplateObjectList>
  <RefParamList>
    <Vector3i name="targetdir" x="0" y="0" z="0" refParamName="" useRefParam="false" />
    <Vector3i name="_TargetPos" x="0" y="0" z="0" refParamName="" useRefParam="false" />
  </RefParamList>
  <Action tag="" length="3.500" loop="false">
    <Track trackName="HitTriggerTick10" eventType="HitTriggerTick" guid="990958f8-ba14-46e0-85af-cf101fe0a063" enabled="true" useRefParam="false" refParamName="" r="0.000" g="0.000" b="0.000" execOnForceStopped="false" execOnActionCompleted="false" stopAfterLastEvent="true">
      <Event eventName="HitTriggerTick" time="0.000" isDuration="false" guid="43573384-4e5e-4546-99ab-e2625cbefba5">
        <TemplateObject name="targetId" objectName="self" id="0" isTemp="false" refParamName="" useRefParam="false" />
        <TemplateObject name="hitTargetId" objectName="None" id="-1" isTemp="false" refParamName="" useRefParam="false" />
        <bool name="bInheritRefParams" value="false" refParamName="" useRefParam="false" />
        <bool name="bulletHit" value="false" refParamName="" useRefParam="false" />
        <TemplateObject name="victimId" objectName="None" id="-1" isTemp="false" refParamName="" useRefParam="false" />
        <bool name="lastHit" value="false" refParamName="" useRefParam="false" />
        <bool name="bSkillCombineChoose" value="false" refParamName="" useRefParam="false" />
        <int name="SelfSkillCombineID_1" value="501100" refParamName="" useRefParam="false" />
        <int name="SelfSkillCombineID_2" value="501110" refParamName="" useRefParam="false" />
        <int name="SelfSkillCombineID_3" value="0" refParamName="" useRefParam="false" />
        <int name="SelfSkillCombineID1Probability" value="0" refParamName="" useRefParam="false" />
        <int name="SelfSkillCombineID2Probability" value="0" refParamName="" useRefParam="false" />
        <int name="SelfSkillCombineID3Probability" value="0" refParamName="" useRefParam="false" />
        <int name="TargetSkillCombine_1" value="0" refParamName="" useRefParam="false" />
        <int name="TargetSkillCombine_2" value="0" refParamName="" useRefParam="false" />
        <int name="TargetSkillCombine_3" value="0" refParamName="" useRefParam="false" />
        <int name="TargetSkillCombineID1Probability" value="0" refParamName="" useRefParam="false" />
        <int name="TargetSkillCombineID2Probability" value="0" refParamName="" useRefParam="false" />
        <int name="TargetSkillCombineID3Probability" value="0" refParamName="" useRefParam="false" />
        <bool name="bCheckSight" value="false" refParamName="" useRefParam="false" />
        <bool name="bCheckSkillLevel" value="false" refParamName="" useRefParam="false" />
        <Enum name="refSkillSlot" value="1" refParamName="" useRefParam="false">
          <uint name="普攻" />
          <uint name="技能1" />
          <uint name="技能2" />
          <uint name="技能3" />
          <uint name="技能4" />
          <uint name="天赋技能" />
          <uint name="回城" />
          <uint name="饰品栏技能" />
          <uint name="" />
          <uint name="" />
          <uint name="" />
        </Enum>
        <int name="refSkillLevel" value="0" refParamName="" useRefParam="false" />
        <Enum name="compareOPType" value="3" refParamName="" useRefParam="false">
          <uint name="不比较" />
          <uint name="小于" />
          <uint name="小等于" />
          <uint name="等于" />
          <uint name="大于" />
          <uint name="大等于" />
          <uint name="" />
          <uint name="" />
          <uint name="" />
        </Enum>
        <TemplateObject name="triggerId" objectName="self" id="0" isTemp="false" refParamName="" useRefParam="false" />
        <bool name="bExtraBuff" value="false" refParamName="" useRefParam="false" />
        <bool name="bOverrideParam" value="false" refParamName="" useRefParam="false" />
        <int name="buffOverrideParam1" value="0" refParamName="" useRefParam="false" />
        <int name="buffOverrideParam2" value="0" refParamName="" useRefParam="false" />
        <int name="buffOverrideParam3" value="0" refParamName="" useRefParam="false" />
        <int name="buffOverrideParam4" value="0" refParamName="" useRefParam="false" />
        <int name="buffOverrideParam5" value="0" refParamName="" useRefParam="false" />
        <TemplateObject name="paramTargetId" objectName="None" id="-1" isTemp="false" refParamName="" useRefParam="false" />
        <TemplateObject name="paramTargetId2" objectName="None" id="-1" isTemp="false" refParamName="" useRefParam="false" />
        <bool name="bUseTargetToHitTargetAsEffectDir" value="false" refParamName="" useRefParam="false" />
      </Event>
    </Track>
    <Track trackName="SkillCDTriggerTick0" eventType="SkillCDTriggerTick" guid="fb19f9aa-06b2-4ee5-aff7-b69239cdea75" enabled="false" useRefParam="false" refParamName="" r="0.000" g="0.000" b="0.000" execOnForceStopped="false" execOnActionCompleted="false" stopAfterLastEvent="true">
      <Event eventName="SkillCDTriggerTick" time="0.000" isDuration="false" guid="1c656972-c75a-4ef8-9ada-638ac68f195f">
        <TemplateObject name="targetId" objectName="self" id="0" isTemp="false" refParamName="" useRefParam="false" />
        <bool name="useSlotType" value="false" refParamName="" useRefParam="false" />
        <Enum name="slotType" value="0" refParamName="" useRefParam="false">
          <uint name="普通" />
          <uint name="技能1" />
          <uint name="技能2" />
          <uint name="技能3" />
          <uint name="技能4" />
          <uint name="技能5" />
          <uint name="技能6" />
          <uint name="技能7" />
          <uint name="技能8" />
          <uint name="技能9" />
        </Enum>
        <bool name="forbidTriggerRepeatedly" value="false" refParamName="" useRefParam="false" />
        <int name="overrideCDValue" value="0" refParamName="" useRefParam="false" />
        <int name="triggerRatio" value="0" refParamName="" useRefParam="false" />
      </Event>
    </Track>
    <Track trackName="PlayAnimDuration0" eventType="PlayAnimDuration" guid="1a327b20-5be2-41eb-8f34-a276b5fea2a8" enabled="false" useRefParam="false" refParamName="" r="0.000" g="0.000" b="0.000" execOnForceStopped="false" execOnActionCompleted="false" stopAfterLastEvent="true">
      <Event eventName="PlayAnimDuration" time="-0.300" length="0.200" isDuration="true" guid="b2ae300b-51ea-4f71-bd02-73a845e84527">
        <TemplateObject name="targetId" objectName="None" id="-1" isTemp="false" refParamName="" useRefParam="false" />
        <String name="clipName" value="" refParamName="" useRefParam="false" />
        <bool name="bDontReplaceSameAnim" value="false" refParamName="" useRefParam="false" />
        <int name="layer" value="1" refParamName="" useRefParam="false" />
        <int name="subLayer" value="0" refParamName="" useRefParam="false" />
        <int name="animatorOverrideLayer" value="-1" refParamName="" useRefParam="false" />
        <bool name="bLoop" value="false" refParamName="" useRefParam="false" />
        <float name="crossFadeTime" value="0.100" refParamName="" useRefParam="false" />
        <bool name="bUseFadeOutTime" value="false" refParamName="" useRefParam="false" />
        <float name="fadeOutTime" value="0.000" refParamName="" useRefParam="false" />
        <float name="startTime" value="0.000" refParamName="" useRefParam="false" />
        <float name="endTime" value="99999.000" refParamName="" useRefParam="false" />
        <bool name="applyActionSpeed" value="false" refParamName="" useRefParam="false" />
        <bool name="alwaysAnimate" value="false" refParamName="" useRefParam="false" />
        <bool name="bKeepOldSpeed" value="false" refParamName="" useRefParam="false" />
        <bool name="bCanNotBeCulled" value="false" refParamName="" useRefParam="false" />
        <String name="beginClipName" value="" refParamName="" useRefParam="false" />
        <bool name="bPlayBeginClipName" value="false" refParamName="" useRefParam="false" />
        <String name="endClipName" value="" refParamName="" useRefParam="false" />
        <bool name="bPlayEndClipName" value="false" refParamName="" useRefParam="false" />
        <bool name="bForcePlay" value="false" refParamName="" useRefParam="false" />
        <float name="animSpeedRate" value="1.000" refParamName="" useRefParam="false" />
      </Event>
    </Track>
    <Track trackName="PlayAnimDuration1" eventType="PlayAnimDuration" guid="df78ba3f-2250-4341-af96-2c6d0b1514c7" enabled="false" useRefParam="false" refParamName="" r="0.000" g="0.000" b="0.000" execOnForceStopped="false" execOnActionCompleted="false" stopAfterLastEvent="true">
      <Event eventName="PlayAnimDuration" time="0.000" length="0.300" isDuration="true" guid="b203df11-0810-4e49-bfa4-a4ed70f86a46">
        <TemplateObject name="targetId" objectName="self" id="0" isTemp="false" refParamName="" useRefParam="false" />
        <String name="clipName" value="Spell1" refParamName="" useRefParam="false" />
        <bool name="bDontReplaceSameAnim" value="false" refParamName="" useRefParam="false" />
        <int name="layer" value="1" refParamName="" useRefParam="false" />
        <int name="subLayer" value="0" refParamName="" useRefParam="false" />
        <int name="animatorOverrideLayer" value="-1" refParamName="" useRefParam="false" />
        <bool name="bLoop" value="false" refParamName="" useRefParam="false" />
        <float name="crossFadeTime" value="0.100" refParamName="" useRefParam="false" />
        <bool name="bUseFadeOutTime" value="false" refParamName="" useRefParam="false" />
        <float name="fadeOutTime" value="0.000" refParamName="" useRefParam="false" />
        <float name="startTime" value="0.000" refParamName="" useRefParam="false" />
        <float name="endTime" value="99999.000" refParamName="" useRefParam="false" />
        <bool name="applyActionSpeed" value="false" refParamName="" useRefParam="false" />
        <bool name="alwaysAnimate" value="false" refParamName="" useRefParam="false" />
        <bool name="bKeepOldSpeed" value="false" refParamName="" useRefParam="false" />
        <bool name="bCanNotBeCulled" value="false" refParamName="" useRefParam="false" />
        <String name="beginClipName" value="" refParamName="" useRefParam="false" />
        <bool name="bPlayBeginClipName" value="false" refParamName="" useRefParam="false" />
        <String name="endClipName" value="" refParamName="" useRefParam="false" />
        <bool name="bPlayEndClipName" value="false" refParamName="" useRefParam="false" />
        <bool name="bForcePlay" value="false" refParamName="" useRefParam="false" />
        <float name="animSpeedRate" value="1.000" refParamName="" useRefParam="false" />
      </Event>
    </Track>
    <Track trackName="PlayHeroSoundTick2" eventType="PlayHeroSoundTick" guid="8df9f675-39ec-4e31-8293-e8e893a2106b" enabled="true" useRefParam="false" refParamName="" r="0.000" g="0.000" b="0.000" execOnForceStopped="false" execOnActionCompleted="false" stopAfterLastEvent="true">
      <Event eventName="PlayHeroSoundTick" time="0.000" isDuration="false" guid="8204aa02-15b7-4e67-a849-c326d1ff4e85">
        <TemplateObject name="targetId" objectName="self" id="0" isTemp="false" refParamName="" useRefParam="false" />
        <TemplateObject name="sourceId" objectName="self" id="0" isTemp="false" refParamName="" useRefParam="false" />
        <String name="eventName" value="Play_Telannas_VOX_Skill_A" refParamName="" useRefParam="false" />
        <bool name="use1P3PSwitch" value="true" refParamName="" useRefParam="false" />
        <bool name="useSkinSwitch" value="true" refParamName="" useRefParam="false" />
        <Array name="extraSkinId" refParamName="" useRefParam="false" type="uint">
          <uint value="11" />
          <uint value="12" />
        </Array>
      </Event>
    </Track>
    <Track trackName="PlayHeroSoundTick2" eventType="PlayHeroSoundTick" guid="bf538efe-3a4f-47cf-ba30-ea172961a1a0" enabled="true" useRefParam="false" refParamName="" r="0.000" g="0.000" b="0.000" execOnForceStopped="false" execOnActionCompleted="false" stopAfterLastEvent="true">
      <Event eventName="PlayHeroSoundTick" time="0.000" isDuration="false" guid="b578936d-ff08-4c0d-950b-b5b7a2ee9136">
        <TemplateObject name="targetId" objectName="self" id="0" isTemp="false" refParamName="" useRefParam="false" />
        <TemplateObject name="sourceId" objectName="self" id="0" isTemp="false" refParamName="" useRefParam="false" />
        <String name="eventName" value="Play_501_Telannas_Skill_A_Cast" refParamName="" useRefParam="false" />
        <bool name="use1P3PSwitch" value="true" refParamName="" useRefParam="false" />
        <bool name="useSkinSwitch" value="true" refParamName="" useRefParam="false" />
        <Array name="extraSkinId" refParamName="" useRefParam="false" type="uint">
          <uint value="11" />
          <uint value="12" />
        </Array>
      </Event>
    </Track>
    <Track trackName="SpawnBulletTick0" eventType="SpawnBulletTick" guid="ae6bf267-5b79-45c7-9035-ebe6225c80cd" enabled="true" useRefParam="false" refParamName="" r="0.000" g="0.000" b="0.000" execOnForceStopped="false" execOnActionCompleted="false" stopAfterLastEvent="true">
      <Event eventName="SpawnBulletTick" time="0.000" isDuration="false" guid="bbaa8570-6229-499c-81d0-f6e1df4f552b">
        <TemplateObject name="targetId" objectName="self" id="0" isTemp="false" refParamName="" useRefParam="false" />
        <TemplateObject name="targetPosActorId" objectName="None" id="-1" isTemp="true" refParamName="" useRefParam="false" />
        <TemplateObject name="referenceObjectId" objectName="None" id="-1" isTemp="false" refParamName="" useRefParam="false" />
        <bool name="bInheritRefParams" value="false" refParamName="" useRefParam="false" />
        <String name="ActionName" value="prefab_characters/prefab_hero/501_TelAnnas/skill/s1b1" refParamName="" useRefParam="false" />
        <String name="SpecialActionName" value="" refParamName="" useRefParam="false" />
        <bool name="bIsUseSpecialActionAsCondi" value="false" refParamName="" useRefParam="false" />
        <bool name="bDeadRemove" value="true" refParamName="" useRefParam="false" />
        <bool name="bImmeExcute" value="true" refParamName="" useRefParam="false" />
        <bool name="bAgeEternal" value="false" refParamName="" useRefParam="false" />
        <int name="bulletTypeId" value="0" refParamName="" useRefParam="false" />
        <int name="bulletUpperLimit" value="0" refParamName="" useRefParam="false" />
        <bool name="bSpawnBounceBullet" value="false" refParamName="" useRefParam="false" />
        <bool name="bUseIndicatorPos" value="false" refParamName="" useRefParam="false" />
        <Enum name="bulletSkillType" value="0" refParamName="" useRefParam="false">
          <uint name="默认类型_0" />
          <uint name="允许特殊打断_1" />
        </Enum>
        <bool name="bAbort" value="false" refParamName="" useRefParam="false" />
        <bool name="bDestroyedBySpecialBullet" value="false" refParamName="" useRefParam="false" />
      </Event>
    </Track>
    <Track trackName="SpawnBulletTick0" eventType="SpawnBulletTick" guid="64385885-d8e5-49a0-a3ca-02ef9b71390a" enabled="true" useRefParam="false" refParamName="" r="0.000" g="0.000" b="0.000" execOnForceStopped="false" execOnActionCompleted="false" stopAfterLastEvent="true">
      <Event eventName="SpawnBulletTick" time="0.000" isDuration="false" guid="5a91f55f-165b-48f9-9fda-443c8eb7cc81">
        <TemplateObject name="targetId" objectName="self" id="0" isTemp="false" refParamName="" useRefParam="false" />
        <TemplateObject name="targetPosActorId" objectName="None" id="-1" isTemp="true" refParamName="" useRefParam="false" />
        <TemplateObject name="referenceObjectId" objectName="None" id="-1" isTemp="false" refParamName="" useRefParam="false" />
        <bool name="bInheritRefParams" value="false" refParamName="" useRefParam="false" />
        <String name="ActionName" value="prefab_characters/prefab_hero/501_TelAnnas/skill/s1b2" refParamName="" useRefParam="false" />
        <String name="SpecialActionName" value="" refParamName="" useRefParam="false" />
        <bool name="bIsUseSpecialActionAsCondi" value="false" refParamName="" useRefParam="false" />
        <bool name="bDeadRemove" value="true" refParamName="" useRefParam="false" />
        <bool name="bImmeExcute" value="true" refParamName="" useRefParam="false" />
        <bool name="bAgeEternal" value="false" refParamName="" useRefParam="false" />
        <int name="bulletTypeId" value="0" refParamName="" useRefParam="false" />
        <int name="bulletUpperLimit" value="0" refParamName="" useRefParam="false" />
        <bool name="bSpawnBounceBullet" value="false" refParamName="" useRefParam="false" />
        <bool name="bUseIndicatorPos" value="false" refParamName="" useRefParam="false" />
        <Enum name="bulletSkillType" value="0" refParamName="" useRefParam="false">
          <uint name="默认类型_0" />
          <uint name="允许特殊打断_1" />
        </Enum>
        <bool name="bAbort" value="false" refParamName="" useRefParam="false" />
        <bool name="bDestroyedBySpecialBullet" value="false" refParamName="" useRefParam="false" />
      </Event>
    </Track>
  </Action>
</Project>