﻿<?xml version="1.0" encoding="utf-8"?>
<Project>
  <TemplateObjectList>
    <TemplateObject objectName="self" id="0" isTemp="false" />
    <TemplateObject objectName="target" id="1" isTemp="false" />
    <TemplateObject objectName="bullet" id="2" isTemp="true" />
  </TemplateObjectList>
  <RefParamList>
    <Vector3i name="targetdir" x="0" y="0" z="0" refParamName="" useRefParam="false" />
    <Vector3i name="_BulletPos" x="0" y="0" z="0" refParamName="" useRefParam="false" />
  </RefParamList>
  <Action tag="" length="3.500" loop="false">
    <Track trackName="特尔新年" eventType="CheckSkinIdTick" guid="ba22058d-ee37-4e8c-8a56-ef00008ed44a" enabled="true" useRefParam="false" refParamName="" r="0.000" g="0.000" b="0.000" execOnForceStopped="false" execOnActionCompleted="false" stopAfterLastEvent="true">
      <Event eventName="CheckSkinIdTick" time="0.000" isDuration="false" guid="d807415e-c1f1-49d5-94b1-6450e6629e1b">
        <TemplateObject name="targetId" objectName="self" id="0" isTemp="false" refParamName="" useRefParam="false" />
        <int name="skinId" value="50112" refParamName="" useRefParam="false" />
        <bool name="bEqual" value="true" refParamName="" useRefParam="false" />
        <bool name="bSkipLogicCheck" value="true" refParamName="" useRefParam="false" />
      </Event>
    </Track>
    <Track trackName="跑步" eventType="ChangeAnimDuration" guid="289d6133-8b04-4ddb-a5df-33bec19a738b" enabled="true" useRefParam="false" refParamName="" r="0.000" g="0.000" b="0.000" execOnForceStopped="false" execOnActionCompleted="false" stopAfterLastEvent="true">
      <Condition id="0" guid="ba22058d-ee37-4e8c-8a56-ef00008ed44a" status="true" />
      <Event eventName="ChangeAnimDuration" time="0.000" length="3.000" isDuration="true" guid="770f823c-7a8a-4926-a3aa-8889d8370963">
        <TemplateObject name="targetId" objectName="self" id="0" isTemp="false" refParamName="" useRefParam="false" />
        <String name="originalAnimName" value="Run" refParamName="" useRefParam="false" />
        <String name="changedAnimName" value="Run_hg" refParamName="" useRefParam="false" />
        <bool name="bOnlyRecover" value="false" refParamName="" useRefParam="false" />
        <bool name="bDontChangeIfNotExist" value="false" refParamName="" useRefParam="false" />
        <bool name="bReplaceSameChange" value="false" refParamName="" useRefParam="false" />
        <bool name="bChangeBlendTime" value="true" refParamName="" useRefParam="false" />
        <float name="fadeInBlendTime" value="0.100" refParamName="" useRefParam="false" />
        <float name="fadeOutBlendTime" value="0.200" refParamName="" useRefParam="false" />
        <bool name="bloopOverride" value="false" refParamName="" useRefParam="false" />
        <bool name="bloop" value="false" refParamName="" useRefParam="false" />
        <bool name="bChangeRunAnimBaseSpeed" value="false" refParamName="" useRefParam="false" />
        <float name="runAnimBaseSpeed" value="1.000" refParamName="" useRefParam="false" />
        <bool name="bImPlayAnim" value="true" refParamName="" useRefParam="false" />
        <bool name="bChangeRunAnimation" value="false" refParamName="" useRefParam="false" />
        <String name="runAnimName1" value="" refParamName="" useRefParam="false" />
        <int name="startDegree1" value="0" refParamName="" useRefParam="false" />
        <int name="endDegree1" value="0" refParamName="" useRefParam="false" />
        <String name="runAnimName2" value="" refParamName="" useRefParam="false" />
        <int name="startDegree2" value="0" refParamName="" useRefParam="false" />
        <int name="endDegree2" value="0" refParamName="" useRefParam="false" />
        <String name="runAnimName3" value="" refParamName="" useRefParam="false" />
        <int name="startDegree3" value="0" refParamName="" useRefParam="false" />
        <int name="endDegree3" value="0" refParamName="" useRefParam="false" />
        <String name="runAnimName4" value="" refParamName="" useRefParam="false" />
        <int name="startDegree4" value="0" refParamName="" useRefParam="false" />
        <int name="endDegree4" value="0" refParamName="" useRefParam="false" />
        <bool name="bUseDirectionalMove" value="false" refParamName="" useRefParam="false" />
        <bool name="bTimeRefresh" value="true" refParamName="" useRefParam="false" />
      </Event>
    </Track>
    <Track trackName="待机" eventType="ChangeAnimDuration" guid="7f742b74-5b0d-48d5-8e89-f475d048283a" enabled="true" useRefParam="false" refParamName="" r="0.000" g="0.000" b="0.000" execOnForceStopped="false" execOnActionCompleted="false" stopAfterLastEvent="true">
      <Condition id="0" guid="ba22058d-ee37-4e8c-8a56-ef00008ed44a" status="true" />
      <Event eventName="ChangeAnimDuration" time="0.000" length="3.000" isDuration="true" guid="0953620d-ad74-4053-b346-61f88474f050">
        <TemplateObject name="targetId" objectName="self" id="0" isTemp="false" refParamName="" useRefParam="false" />
        <String name="originalAnimName" value="Idle" refParamName="" useRefParam="false" />
        <String name="changedAnimName" value="Idle_hg" refParamName="" useRefParam="false" />
        <bool name="bOnlyRecover" value="false" refParamName="" useRefParam="false" />
        <bool name="bDontChangeIfNotExist" value="false" refParamName="" useRefParam="false" />
        <bool name="bReplaceSameChange" value="false" refParamName="" useRefParam="false" />
        <bool name="bChangeBlendTime" value="true" refParamName="" useRefParam="false" />
        <float name="fadeInBlendTime" value="0.100" refParamName="" useRefParam="false" />
        <float name="fadeOutBlendTime" value="0.200" refParamName="" useRefParam="false" />
        <bool name="bloopOverride" value="false" refParamName="" useRefParam="false" />
        <bool name="bloop" value="false" refParamName="" useRefParam="false" />
        <bool name="bChangeRunAnimBaseSpeed" value="false" refParamName="" useRefParam="false" />
        <float name="runAnimBaseSpeed" value="1.000" refParamName="" useRefParam="false" />
        <bool name="bImPlayAnim" value="true" refParamName="" useRefParam="false" />
        <bool name="bChangeRunAnimation" value="false" refParamName="" useRefParam="false" />
        <String name="runAnimName1" value="" refParamName="" useRefParam="false" />
        <int name="startDegree1" value="0" refParamName="" useRefParam="false" />
        <int name="endDegree1" value="0" refParamName="" useRefParam="false" />
        <String name="runAnimName2" value="" refParamName="" useRefParam="false" />
        <int name="startDegree2" value="0" refParamName="" useRefParam="false" />
        <int name="endDegree2" value="0" refParamName="" useRefParam="false" />
        <String name="runAnimName3" value="" refParamName="" useRefParam="false" />
        <int name="startDegree3" value="0" refParamName="" useRefParam="false" />
        <int name="endDegree3" value="0" refParamName="" useRefParam="false" />
        <String name="runAnimName4" value="" refParamName="" useRefParam="false" />
        <int name="startDegree4" value="0" refParamName="" useRefParam="false" />
        <int name="endDegree4" value="0" refParamName="" useRefParam="false" />
        <bool name="bUseDirectionalMove" value="false" refParamName="" useRefParam="false" />
        <bool name="bTimeRefresh" value="true" refParamName="" useRefParam="false" />
      </Event>
    </Track>
    <Track trackName="攻击" eventType="ChangeAnimDuration" guid="2bb88023-a87f-448d-8149-fbc4596e1a86" enabled="true" useRefParam="false" refParamName="" r="0.000" g="0.000" b="0.000" execOnForceStopped="false" execOnActionCompleted="false" stopAfterLastEvent="true">
      <Condition id="0" guid="ba22058d-ee37-4e8c-8a56-ef00008ed44a" status="true" />
      <Event eventName="ChangeAnimDuration" time="0.000" length="3.000" isDuration="true" guid="427922b1-c628-4990-9fd2-15cbfe4839f0">
        <TemplateObject name="targetId" objectName="self" id="0" isTemp="false" refParamName="" useRefParam="false" />
        <String name="originalAnimName" value="Atk1" refParamName="" useRefParam="false" />
        <String name="changedAnimName" value="Atk4_hg" refParamName="" useRefParam="false" />
        <bool name="bOnlyRecover" value="false" refParamName="" useRefParam="false" />
        <bool name="bDontChangeIfNotExist" value="false" refParamName="" useRefParam="false" />
        <bool name="bReplaceSameChange" value="false" refParamName="" useRefParam="false" />
        <bool name="bChangeBlendTime" value="true" refParamName="" useRefParam="false" />
        <float name="fadeInBlendTime" value="0.100" refParamName="" useRefParam="false" />
        <float name="fadeOutBlendTime" value="0.200" refParamName="" useRefParam="false" />
        <bool name="bloopOverride" value="false" refParamName="" useRefParam="false" />
        <bool name="bloop" value="false" refParamName="" useRefParam="false" />
        <bool name="bChangeRunAnimBaseSpeed" value="false" refParamName="" useRefParam="false" />
        <float name="runAnimBaseSpeed" value="1.000" refParamName="" useRefParam="false" />
        <bool name="bImPlayAnim" value="true" refParamName="" useRefParam="false" />
        <bool name="bChangeRunAnimation" value="false" refParamName="" useRefParam="false" />
        <String name="runAnimName1" value="" refParamName="" useRefParam="false" />
        <int name="startDegree1" value="0" refParamName="" useRefParam="false" />
        <int name="endDegree1" value="0" refParamName="" useRefParam="false" />
        <String name="runAnimName2" value="" refParamName="" useRefParam="false" />
        <int name="startDegree2" value="0" refParamName="" useRefParam="false" />
        <int name="endDegree2" value="0" refParamName="" useRefParam="false" />
        <String name="runAnimName3" value="" refParamName="" useRefParam="false" />
        <int name="startDegree3" value="0" refParamName="" useRefParam="false" />
        <int name="endDegree3" value="0" refParamName="" useRefParam="false" />
        <String name="runAnimName4" value="" refParamName="" useRefParam="false" />
        <int name="startDegree4" value="0" refParamName="" useRefParam="false" />
        <int name="endDegree4" value="0" refParamName="" useRefParam="false" />
        <bool name="bUseDirectionalMove" value="false" refParamName="" useRefParam="false" />
        <bool name="bTimeRefresh" value="true" refParamName="" useRefParam="false" />
      </Event>
    </Track>
    <Track trackName="收弓" eventType="PlayAnimDuration" guid="efa95b8f-f7f0-42f7-a25c-a812129d0518" enabled="true" useRefParam="false" refParamName="" r="0.000" g="0.000" b="0.000" execOnForceStopped="false" execOnActionCompleted="false" stopAfterLastEvent="true">
      <Condition id="0" guid="ba22058d-ee37-4e8c-8a56-ef00008ed44a" status="true" />
      <Event eventName="PlayAnimDuration" time="3.000" length="0.500" isDuration="true" guid="773af232-f76c-4b4e-9c70-b3187eb30289">
        <TemplateObject name="targetId" objectName="self" id="0" isTemp="false" refParamName="" useRefParam="false" />
        <String name="clipName" value="Spell1_end" refParamName="" useRefParam="false" />
        <bool name="bDontReplaceSameAnim" value="false" refParamName="" useRefParam="false" />
        <int name="layer" value="5" refParamName="" useRefParam="false" />
        <int name="subLayer" value="0" refParamName="" useRefParam="false" />
        <int name="animatorOverrideLayer" value="-1" refParamName="" useRefParam="false" />
        <bool name="bLoop" value="false" refParamName="" useRefParam="false" />
        <float name="crossFadeTime" value="0.150" refParamName="" useRefParam="false" />
        <bool name="bUseFadeOutTime" value="false" refParamName="" useRefParam="false" />
        <float name="fadeOutTime" value="0.200" refParamName="" useRefParam="false" />
        <float name="startTime" value="0.000" refParamName="" useRefParam="false" />
        <float name="endTime" value="99999.000" refParamName="" useRefParam="false" />
        <bool name="applyActionSpeed" value="true" refParamName="" useRefParam="false" />
        <bool name="alwaysAnimate" value="false" refParamName="" useRefParam="false" />
        <bool name="bKeepOldSpeed" value="false" refParamName="" useRefParam="false" />
        <bool name="bCanNotBeCulled" value="false" refParamName="" useRefParam="false" />
        <String name="beginClipName" value="" refParamName="" useRefParam="false" />
        <bool name="bPlayBeginClipName" value="false" refParamName="" useRefParam="false" />
        <String name="endClipName" value="" refParamName="" useRefParam="false" />
        <bool name="bPlayEndClipName" value="false" refParamName="" useRefParam="false" />
        <bool name="bForcePlay" value="false" refParamName="" useRefParam="false" />
        <float name="animSpeedRate" value="1.000" refParamName="" useRefParam="false" />
      </Event>
    </Track>
    <Track trackName="CheckSkinIdTick4" eventType="CheckSkinIdTick" guid="7071bac0-7080-43d6-bd14-9c90947a32c2" enabled="true" useRefParam="false" refParamName="" r="0.000" g="0.000" b="0.000" execOnForceStopped="false" execOnActionCompleted="false" stopAfterLastEvent="true">
      <Event eventName="CheckSkinIdTick" time="0.000" isDuration="false" guid="0a6d7c4f-2417-4915-94f1-29e0195e4f0e">
        <TemplateObject name="targetId" objectName="self" id="0" isTemp="false" refParamName="" useRefParam="false" />
        <int name="skinId" value="50108" refParamName="" useRefParam="false" />
        <bool name="bEqual" value="false" refParamName="" useRefParam="false" />
        <bool name="bSkipLogicCheck" value="true" refParamName="" useRefParam="false" />
      </Event>
    </Track>
    <Track trackName="ChangeAnimDuration0" eventType="ChangeAnimDuration" guid="6621a8b1-bc7a-4f6f-8d39-56c84cd94b99" enabled="true" useRefParam="false" refParamName="" r="0.000" g="0.000" b="0.000" execOnForceStopped="false" execOnActionCompleted="false" stopAfterLastEvent="true">
      <Condition id="5" guid="7071bac0-7080-43d6-bd14-9c90947a32c2" status="true" />
      <Event eventName="ChangeAnimDuration" time="0.000" length="0.450" isDuration="true" guid="5ead8099-13a5-4d2a-bce9-a606f33a2fc9">
        <TemplateObject name="targetId" objectName="self" id="0" isTemp="false" refParamName="" useRefParam="false" />
        <String name="originalAnimName" value="Run" refParamName="" useRefParam="false" />
        <String name="changedAnimName" value="Spell1_run" refParamName="" useRefParam="false" />
        <bool name="bOnlyRecover" value="false" refParamName="" useRefParam="false" />
        <bool name="bDontChangeIfNotExist" value="false" refParamName="" useRefParam="false" />
        <bool name="bReplaceSameChange" value="false" refParamName="" useRefParam="false" />
        <bool name="bChangeBlendTime" value="true" refParamName="" useRefParam="false" />
        <float name="fadeInBlendTime" value="0.100" refParamName="" useRefParam="false" />
        <float name="fadeOutBlendTime" value="0.200" refParamName="" useRefParam="false" />
        <bool name="bloopOverride" value="false" refParamName="" useRefParam="false" />
        <bool name="bloop" value="false" refParamName="" useRefParam="false" />
        <bool name="bChangeRunAnimBaseSpeed" value="false" refParamName="" useRefParam="false" />
        <float name="runAnimBaseSpeed" value="1.000" refParamName="" useRefParam="false" />
        <bool name="bImPlayAnim" value="true" refParamName="" useRefParam="false" />
        <bool name="bChangeRunAnimation" value="false" refParamName="" useRefParam="false" />
        <String name="runAnimName1" value="" refParamName="" useRefParam="false" />
        <int name="startDegree1" value="0" refParamName="" useRefParam="false" />
        <int name="endDegree1" value="0" refParamName="" useRefParam="false" />
        <String name="runAnimName2" value="" refParamName="" useRefParam="false" />
        <int name="startDegree2" value="0" refParamName="" useRefParam="false" />
        <int name="endDegree2" value="0" refParamName="" useRefParam="false" />
        <String name="runAnimName3" value="" refParamName="" useRefParam="false" />
        <int name="startDegree3" value="0" refParamName="" useRefParam="false" />
        <int name="endDegree3" value="0" refParamName="" useRefParam="false" />
        <String name="runAnimName4" value="" refParamName="" useRefParam="false" />
        <int name="startDegree4" value="0" refParamName="" useRefParam="false" />
        <int name="endDegree4" value="0" refParamName="" useRefParam="false" />
        <bool name="bUseDirectionalMove" value="false" refParamName="" useRefParam="false" />
        <bool name="bTimeRefresh" value="true" refParamName="" useRefParam="false" />
      </Event>
    </Track>
    <Track trackName="ChangeAnimDuration1" eventType="ChangeAnimDuration" guid="95485b0c-3931-46d3-a541-aaaad3373d5e" enabled="true" useRefParam="false" refParamName="" r="0.000" g="0.000" b="0.000" execOnForceStopped="false" execOnActionCompleted="false" stopAfterLastEvent="true">
      <Condition id="5" guid="7071bac0-7080-43d6-bd14-9c90947a32c2" status="true" />
      <Event eventName="ChangeAnimDuration" time="0.000" length="0.300" isDuration="true" guid="ab67face-fc2d-45e4-a3eb-fb1f50c780f6">
        <TemplateObject name="targetId" objectName="self" id="0" isTemp="false" refParamName="" useRefParam="false" />
        <String name="originalAnimName" value="Idle" refParamName="" useRefParam="false" />
        <String name="changedAnimName" value="Spell1" refParamName="" useRefParam="false" />
        <bool name="bOnlyRecover" value="false" refParamName="" useRefParam="false" />
        <bool name="bDontChangeIfNotExist" value="false" refParamName="" useRefParam="false" />
        <bool name="bReplaceSameChange" value="false" refParamName="" useRefParam="false" />
        <bool name="bChangeBlendTime" value="true" refParamName="" useRefParam="false" />
        <float name="fadeInBlendTime" value="0.100" refParamName="" useRefParam="false" />
        <float name="fadeOutBlendTime" value="0.200" refParamName="" useRefParam="false" />
        <bool name="bloopOverride" value="false" refParamName="" useRefParam="false" />
        <bool name="bloop" value="false" refParamName="" useRefParam="false" />
        <bool name="bChangeRunAnimBaseSpeed" value="false" refParamName="" useRefParam="false" />
        <float name="runAnimBaseSpeed" value="1.000" refParamName="" useRefParam="false" />
        <bool name="bImPlayAnim" value="true" refParamName="" useRefParam="false" />
        <bool name="bChangeRunAnimation" value="false" refParamName="" useRefParam="false" />
        <String name="runAnimName1" value="" refParamName="" useRefParam="false" />
        <int name="startDegree1" value="0" refParamName="" useRefParam="false" />
        <int name="endDegree1" value="0" refParamName="" useRefParam="false" />
        <String name="runAnimName2" value="" refParamName="" useRefParam="false" />
        <int name="startDegree2" value="0" refParamName="" useRefParam="false" />
        <int name="endDegree2" value="0" refParamName="" useRefParam="false" />
        <String name="runAnimName3" value="" refParamName="" useRefParam="false" />
        <int name="startDegree3" value="0" refParamName="" useRefParam="false" />
        <int name="endDegree3" value="0" refParamName="" useRefParam="false" />
        <String name="runAnimName4" value="" refParamName="" useRefParam="false" />
        <int name="startDegree4" value="0" refParamName="" useRefParam="false" />
        <int name="endDegree4" value="0" refParamName="" useRefParam="false" />
        <bool name="bUseDirectionalMove" value="false" refParamName="" useRefParam="false" />
        <bool name="bTimeRefresh" value="true" refParamName="" useRefParam="false" />
      </Event>
    </Track>
    <Track trackName="CheckSkinIdTick4" eventType="CheckSkinIdTick" guid="107f6e23-36ae-42cf-8e15-ee7e3c25b8e9" enabled="true" useRefParam="false" refParamName="" r="0.000" g="0.000" b="0.000" execOnForceStopped="false" execOnActionCompleted="false" stopAfterLastEvent="true">
      <Event eventName="CheckSkinIdTick" time="0.000" isDuration="false" guid="214bfe3b-5a37-4dbe-9896-47a0a665624e">
        <TemplateObject name="targetId" objectName="self" id="0" isTemp="false" refParamName="" useRefParam="false" />
        <int name="skinId" value="50108" refParamName="" useRefParam="false" />
        <bool name="bEqual" value="true" refParamName="" useRefParam="false" />
        <bool name="bSkipLogicCheck" value="true" refParamName="" useRefParam="false" />
      </Event>
    </Track>
    <Track trackName="ChangeAnimDuration0" eventType="ChangeAnimDuration" guid="4e62c1d4-5668-437f-a838-251b955ead4a" enabled="true" useRefParam="false" refParamName="" r="0.000" g="0.000" b="0.000" execOnForceStopped="false" execOnActionCompleted="false" stopAfterLastEvent="true">
      <Condition id="8" guid="107f6e23-36ae-42cf-8e15-ee7e3c25b8e9" status="true" />
      <Event eventName="ChangeAnimDuration" time="0.000" length="1.000" isDuration="true" guid="3f2c5e05-69e5-4f39-b3fd-a157a53a6e4e">
        <TemplateObject name="targetId" objectName="self" id="0" isTemp="false" refParamName="" useRefParam="false" />
        <String name="originalAnimName" value="Idle" refParamName="" useRefParam="false" />
        <String name="changedAnimName" value="Spell1" refParamName="" useRefParam="false" />
        <bool name="bOnlyRecover" value="false" refParamName="" useRefParam="false" />
        <bool name="bDontChangeIfNotExist" value="false" refParamName="" useRefParam="false" />
        <bool name="bReplaceSameChange" value="false" refParamName="" useRefParam="false" />
        <bool name="bChangeBlendTime" value="true" refParamName="" useRefParam="false" />
        <float name="fadeInBlendTime" value="0.100" refParamName="" useRefParam="false" />
        <float name="fadeOutBlendTime" value="0.200" refParamName="" useRefParam="false" />
        <bool name="bloopOverride" value="false" refParamName="" useRefParam="false" />
        <bool name="bloop" value="false" refParamName="" useRefParam="false" />
        <bool name="bChangeRunAnimBaseSpeed" value="false" refParamName="" useRefParam="false" />
        <float name="runAnimBaseSpeed" value="1.000" refParamName="" useRefParam="false" />
        <bool name="bImPlayAnim" value="true" refParamName="" useRefParam="false" />
        <bool name="bChangeRunAnimation" value="false" refParamName="" useRefParam="false" />
        <String name="runAnimName1" value="" refParamName="" useRefParam="false" />
        <int name="startDegree1" value="0" refParamName="" useRefParam="false" />
        <int name="endDegree1" value="0" refParamName="" useRefParam="false" />
        <String name="runAnimName2" value="" refParamName="" useRefParam="false" />
        <int name="startDegree2" value="0" refParamName="" useRefParam="false" />
        <int name="endDegree2" value="0" refParamName="" useRefParam="false" />
        <String name="runAnimName3" value="" refParamName="" useRefParam="false" />
        <int name="startDegree3" value="0" refParamName="" useRefParam="false" />
        <int name="endDegree3" value="0" refParamName="" useRefParam="false" />
        <String name="runAnimName4" value="" refParamName="" useRefParam="false" />
        <int name="startDegree4" value="0" refParamName="" useRefParam="false" />
        <int name="endDegree4" value="0" refParamName="" useRefParam="false" />
        <bool name="bUseDirectionalMove" value="false" refParamName="" useRefParam="false" />
        <bool name="bTimeRefresh" value="true" refParamName="" useRefParam="false" />
      </Event>
    </Track>
    <Track trackName="ChangeAnimDuration1" eventType="ChangeAnimDuration" guid="83a97ba2-eacf-478e-8941-a5301846487f" enabled="true" useRefParam="false" refParamName="" r="0.000" g="0.000" b="0.000" execOnForceStopped="false" execOnActionCompleted="false" stopAfterLastEvent="true">
      <Condition id="8" guid="107f6e23-36ae-42cf-8e15-ee7e3c25b8e9" status="true" />
      <Event eventName="ChangeAnimDuration" time="0.000" length="0.659" isDuration="true" guid="00343566-c15b-4b1b-80c1-37027c262dc5">
        <TemplateObject name="targetId" objectName="self" id="0" isTemp="false" refParamName="" useRefParam="false" />
        <String name="originalAnimName" value="Run" refParamName="" useRefParam="false" />
        <String name="changedAnimName" value="Spell1_1" refParamName="" useRefParam="false" />
        <bool name="bOnlyRecover" value="false" refParamName="" useRefParam="false" />
        <bool name="bDontChangeIfNotExist" value="false" refParamName="" useRefParam="false" />
        <bool name="bReplaceSameChange" value="false" refParamName="" useRefParam="false" />
        <bool name="bChangeBlendTime" value="true" refParamName="" useRefParam="false" />
        <float name="fadeInBlendTime" value="0.100" refParamName="" useRefParam="false" />
        <float name="fadeOutBlendTime" value="0.200" refParamName="" useRefParam="false" />
        <bool name="bloopOverride" value="false" refParamName="" useRefParam="false" />
        <bool name="bloop" value="false" refParamName="" useRefParam="false" />
        <bool name="bChangeRunAnimBaseSpeed" value="false" refParamName="" useRefParam="false" />
        <float name="runAnimBaseSpeed" value="1.000" refParamName="" useRefParam="false" />
        <bool name="bImPlayAnim" value="true" refParamName="" useRefParam="false" />
        <bool name="bChangeRunAnimation" value="false" refParamName="" useRefParam="false" />
        <String name="runAnimName1" value="" refParamName="" useRefParam="false" />
        <int name="startDegree1" value="0" refParamName="" useRefParam="false" />
        <int name="endDegree1" value="0" refParamName="" useRefParam="false" />
        <String name="runAnimName2" value="" refParamName="" useRefParam="false" />
        <int name="startDegree2" value="0" refParamName="" useRefParam="false" />
        <int name="endDegree2" value="0" refParamName="" useRefParam="false" />
        <String name="runAnimName3" value="" refParamName="" useRefParam="false" />
        <int name="startDegree3" value="0" refParamName="" useRefParam="false" />
        <int name="endDegree3" value="0" refParamName="" useRefParam="false" />
        <String name="runAnimName4" value="" refParamName="" useRefParam="false" />
        <int name="startDegree4" value="0" refParamName="" useRefParam="false" />
        <int name="endDegree4" value="0" refParamName="" useRefParam="false" />
        <bool name="bUseDirectionalMove" value="false" refParamName="" useRefParam="false" />
        <bool name="bTimeRefresh" value="true" refParamName="" useRefParam="false" />
      </Event>
    </Track>
    <Track trackName="TriggerParticleTick0" eventType="TriggerParticleTick" guid="f6f5a93e-f37d-44e5-a347-c24592c1f7a2" enabled="true" useRefParam="false" refParamName="" r="0.000" g="0.000" b="0.000" execOnForceStopped="false" execOnActionCompleted="false" stopAfterLastEvent="true">
      <Condition id="8" guid="107f6e23-36ae-42cf-8e15-ee7e3c25b8e9" status="true" />
      <Event eventName="TriggerParticleTick" time="0.000" isDuration="false" guid="636ea1e8-b222-48fb-a0ff-59ae71eef7b1">
        <TemplateObject name="targetId" objectName="self" id="0" isTemp="false" refParamName="" useRefParam="false" />
        <TemplateObject name="objectSpaceId" objectName="None" id="-1" isTemp="false" refParamName="" useRefParam="false" />
        <uint name="RefLiteBulletID" value="0" refParamName="" useRefParam="false" />
        <bool name="bDonotAttackToMesh" value="false" refParamName="" useRefParam="false" />
        <String name="parentResourceName" value="" refParamName="" useRefParam="false" />
        <String name="resourceName" value="prefab_skill_effects/hero_skill_effects/501_TelAnnas/TelAnnas_spell1_ChiBang" refParamName="" useRefParam="false" />
        <String name="resourceName2" value="" refParamName="" useRefParam="false" />
        <String name="resourceName3" value="" refParamName="" useRefParam="false" />
        <float name="lifeTime" value="1.000" refParamName="" useRefParam="false" />
        <String name="bindPointName" value="" refParamName="" useRefParam="false" />
        <bool name="dontShowIfNoBindPoint" value="false" refParamName="" useRefParam="false" />
        <Vector3 name="bindPosOffset" x="0.000" y="0.000" z="0.000" refParamName="" useRefParam="false" />
        <bool name="bIsBindPosYRelateBeHitHeight" value="false" refParamName="" useRefParam="false" />
        <EulerAngle name="bindRotOffset" x="0.000" y="0.000" z="0.000" refParamName="" useRefParam="false" />
        <Vector3 name="scaling" x="1.000" y="1.000" z="1.000" refParamName="" useRefParam="false" />
        <bool name="useScalingInt" value="false" refParamName="" useRefParam="false" />
        <Vector3i name="scalingInt" x="10000" y="10000" z="10000" refParamName="" useRefParam="false" />
        <bool name="bUseRealScaling" value="true" refParamName="" useRefParam="false" />
        <bool name="bOnlyScaleRoot" value="false" refParamName="" useRefParam="false" />
        <bool name="bEnableOptCull" value="true" refParamName="" useRefParam="false" />
        <bool name="bBullerPosDir" value="false" refParamName="" useRefParam="false" />
        <bool name="bUseHeroLocalForward" value="false" refParamName="" useRefParam="false" />
        <TemplateObject name="lookTargetId" objectName="None" id="-1" isTemp="false" refParamName="" useRefParam="false" />
        <bool name="applyActionSpeedToParticle" value="true" refParamName="" useRefParam="false" />
        <bool name="applyActionSpeedToAnimation" value="true" refParamName="" useRefParam="false" />
        <int name="extend" value="10" refParamName="" useRefParam="false" />
        <bool name="bOnlyFollowPos" value="false" refParamName="" useRefParam="false" />
        <bool name="b1stTickParentRot" value="false" refParamName="" useRefParam="false" />
        <bool name="bRotateFollowCamera" value="false" refParamName="" useRefParam="false" />
        <bool name="bRandomRotation" value="false" refParamName="" useRefParam="false" />
        <EulerAngle name="randRotBegin" x="0.000" y="0.000" z="0.000" refParamName="" useRefParam="false" />
        <EulerAngle name="randRotEnd" x="0.000" y="0.000" z="0.000" refParamName="" useRefParam="false" />
        <bool name="bUseTargetSkinEffect" value="false" refParamName="" useRefParam="false" />
        <bool name="bBulletPos" value="false" refParamName="" useRefParam="false" />
        <bool name="bBulletDir" value="false" refParamName="" useRefParam="false" />
        <int name="particleScaleGrow" value="0" refParamName="" useRefParam="false" />
        <Enum name="ReplacementUsage" value="0" refParamName="" useRefParam="false">
          <uint name="无" />
          <uint name="回城特效" />
          <uint name="击杀特效" />
          <uint name="泉水加速特效" />
        </Enum>
        <Enum name="ReplacementSubUsage" value="0" refParamName="" useRefParam="false">
          <uint name="无" />
          <uint name="回城落地特效" />
        </Enum>
        <bool name="bNoDynamicLod" value="false" refParamName="" useRefParam="false" />
        <bool name="bMeshResouce" value="false" refParamName="" useRefParam="false" />
        <bool name="bAllowEmptyEffect" value="false" refParamName="" useRefParam="false" />
        <bool name="bActionCtrlObjs" value="false" refParamName="" useRefParam="false" />
        <bool name="bInvisibleSelf" value="false" refParamName="" useRefParam="false" />
        <bool name="bInvisibleEnemy" value="false" refParamName="" useRefParam="false" />
        <bool name="bInvisibleTeamNotSelf" value="false" refParamName="" useRefParam="false" />
        <bool name="bReverseXWhenCameraMirro" value="false" refParamName="" useRefParam="false" />
        <bool name="bNewbieCombatSkillGuideOnly" value="false" refParamName="" useRefParam="false" />
      </Event>
    </Track>
  </Action>
</Project>