﻿<?xml version="1.0" encoding="utf-8"?>
<Project>
  <TemplateObjectList>
    <TemplateObject objectName="self" id="0" isTemp="false" />
    <TemplateObject objectName="target" id="1" isTemp="false" />
  </TemplateObjectList>
  <RefParamList>
    <Vector3i name="_TargetDir" x="0" y="0" z="0" refParamName="" useRefParam="false" />
    <Vector3i name="_TargetPos" x="0" y="0" z="0" refParamName="" useRefParam="false" />
  </RefParamList>
  <Action tag="" length="3.000" loop="false">
    <Track trackName="SkillFuncDuration0" eventType="SkillFuncDuration" guid="b1f79c46-176e-424a-999b-8e1a499b8707" enabled="true" useRefParam="false" refParamName="" r="0.000" g="0.000" b="0.000" execOnForceStopped="false" execOnActionCompleted="false" stopAfterLastEvent="true">
      <Event eventName="SkillFuncDuration" time="0.000" length="3.000" isDuration="true" guid="1b6ce7d9-5ccf-457b-80df-d6a03b1b5be1">
        <Enum name="SkillFuncType" value="4" refParamName="" useRefParam="false">
          <uint name="物理伤害" />
          <uint name="法术伤害" />
          <uint name="真实伤害" />
          <uint name="回复生命值" />
          <uint name="增加攻击速度" />
          <uint name="减少攻击速度" />
          <uint name="增加移动速度" />
          <uint name="减少移动速度" />
          <uint name="提高攻击力" />
          <uint name="降低攻击力" />
          <uint name="吸血" />
          <uint name="增加护甲" />
          <uint name="减少护甲" />
          <uint name="增加抗性" />
          <uint name="减少抗性" />
          <uint name="免疫效果" />
          <uint name="减少技能CD" />
          <uint name="增加法术强度" />
          <uint name="减少法术强度" />
          <uint name="增加暴击率" />
          <uint name="减少暴击率" />
          <uint name="增加最大生命" />
          <uint name="减少最大生命" />
          <uint name="增加物理穿透" />
          <uint name="减少物理穿透" />
          <uint name="增加法术穿透" />
          <uint name="减少法术穿透" />
          <uint name="护盾" />
          <uint name="增加技能印记" />
          <uint name="触发技能印记" />
          <uint name="免疫伤害" />
          <uint name="免疫控制" />
          <uint name="迅速复活" />
          <uint name="法球效果" />
          <uint name="驱散效果" />
          <uint name="物理吸血" />
          <uint name="法术吸血" />
          <uint name="伤害免疫率" />
          <uint name="获取视野效果" />
          <uint name="隐身效果" />
          <uint name="伤害输出率效果" />
          <uint name="韧性率效果" />
          <uint name="冷却缩减效果" />
          <uint name="抗暴率效果" />
          <uint name="条件伤害输出率效果" />
          <uint name="忽略RVO" />
          <uint name="生命条件效果" />
          <uint name="更换血条风格" />
          <uint name="目标伤害加成效果" />
          <uint name="击杀经验加成效果" />
          <uint name="增加经验效果" />
          <uint name="受控额外效果" />
          <uint name="免疫暴击效果" />
          <uint name="限制最大伤害效果" />
          <uint name="免疫致命伤害效果" />
          <uint name="改变技能" />
          <uint name="禁用技能" />
          <uint name="改变暴击伤害效果" />
          <uint name="回复能量值" />
          <uint name="改变护甲穿透率" />
          <uint name="改变法术穿透率" />
          <uint name="普攻带法术效果" />
          <uint name="增加法术强度率" />
          <uint name="法术强度增益效果" />
          <uint name="回复增益效果" />
          <uint name="脱离战斗提速效果" />
          <uint name="护盾免疫控制" />
          <uint name="护甲减伤率" />
          <uint name="生命低时额外伤害" />
          <uint name="致盲" />
          <uint name="移除技能效果" />
          <uint name="击杀金币加成效果" />
          <uint name="技能额外伤害效果" />
          <uint name="改变被动技能参数" />
          <uint name="改变狂意值" />
          <uint name="现形效果" />
          <uint name="增加能量值" />
          <uint name="增加怒气值" />
          <uint name="改变法球槽位" />
          <uint name="根据护甲值增加攻击力" />
          <uint name="格挡伤害" />
          <uint name="增大视野半径" />
          <uint name="单个技能吸血" />
          <uint name="反弹" />
          <uint name="伤害触发技能效果" />
          <uint name="减少复活时间" />
          <uint name="减少法术伤害" />
          <uint name="免疫角色技能" />
          <uint name="槽位伤害加成效果" />
          <uint name="延长技能效果" />
          <uint name="属性转换" />
          <uint name="类型伤害加成效果" />
          <uint name="增加最大法力值" />
          <uint name="减少最大法力值" />
          <uint name="改变训诫值" />
          <uint name="改变锐气值" />
          <uint name="共享免疫控制" />
          <uint name="共享伤害" />
          <uint name="反击普攻伤害" />
          <uint name="伤害前调整受到伤害" />
          <uint name="伤害前调整造成伤害" />
          <uint name="背后攻击暴击" />
          <uint name="暴击率转化暴击伤害" />
          <uint name="槽位修改暴击效果" />
          <uint name="增加金钱效果" />
          <uint name="改变英雄生命时长" />
          <uint name="离开攻击者一定范围后清除BUFF" />
          <uint name="指定目标伤害加成" />
          <uint name="除目标外免疫控制" />
          <uint name="减速抵抗" />
          <uint name="解除减速效果" />
          <uint name="免疫死亡" />
          <uint name="能量消耗削减" />
          <uint name="增加足球能量" />
          <uint name="特殊效果奉献" />
          <uint name="增加自定义能量" />
          <uint name="角色重生" />
          <uint name="能量获取削减比例" />
          <uint name="提高生命五回" />
          <uint name="降低生命五回" />
          <uint name="提高魔法五回" />
          <uint name="降低魔法五回" />
          <uint name="忽略防御效果" />
          <uint name="属性互相增益效果" />
          <uint name="主人属性转化给宠物" />
          <uint name="恐惧效果" />
          <uint name="限制单次伤害上下限效果" />
          <uint name="免疫技能选中" />
          <uint name="消耗法力值抵挡伤害" />
          <uint name="溢出法力转化护盾" />
          <uint name="增加自适应伤害" />
          <uint name="链接伤害" />
          <uint name="复活时间减少率" />
          <uint name="额外护盾" />
          <uint name="生命低时额外护盾" />
          <uint name="额外治疗" />
          <uint name="生命低时额外治疗" />
          <uint name="装备属性万分比加成" />
          <uint name="灰血属性" />
          <uint name="CD标记" />
          <uint name="在阻挡中移动" />
          <uint name="增加攻击回蓝率" />
          <uint name="减少攻击回蓝率" />
          <uint name="增加受击回蓝率" />
          <uint name="减少受击回蓝率" />
          <uint name="挂上被动" />
          <uint name="分摊伤害" />
          <uint name="增加最大能量" />
          <uint name="特殊效果谦让" />
          <uint name="吸收伤害效果" />
          <uint name="自杀" />
          <uint name="消除伤害" />
          <uint name="延迟伤害" />
          <uint name="Buff或印记快照" />
          <uint name="恢复Buff或印记快照" />
          <uint name="改变射程" />
          <uint name="改变被动CD显示条" />
          <uint name="增加能量值special" />
          <uint name="护盾衰减" />
          <uint name="必定暴击效果" />
          <uint name="触发buff" />
          <uint name="伤害转化为护盾" />
          <uint name="同步技能禁用" />
        </Enum>
        <bool name="bIsOverrideParamsFromXls" value="false" refParamName="" useRefParam="false" />
        <int name="OverrideParam1" value="0" refParamName="" useRefParam="false" />
        <int name="OverrideParam2" value="0" refParamName="" useRefParam="false" />
        <int name="OverrideParam3" value="0" refParamName="" useRefParam="false" />
        <int name="OverrideParam4" value="0" refParamName="" useRefParam="false" />
        <int name="OverrideParam5" value="0" refParamName="" useRefParam="false" />
      </Event>
    </Track>
    <Track trackName="特尔T2皮肤" eventType="CheckSkinIdTick" guid="199834cc-3ccb-41b1-b7ad-666558c958f9" enabled="true" useRefParam="false" refParamName="" r="0.000" g="0.000" b="0.000" execOnForceStopped="false" execOnActionCompleted="false" stopAfterLastEvent="true">
      <Event eventName="CheckSkinIdTick" time="0.000" isDuration="false" guid="3914150a-417f-4000-9dbd-7a65df9346b1">
        <TemplateObject name="targetId" objectName="self" id="0" isTemp="false" refParamName="" useRefParam="false" />
        <int name="skinId" value="50108" refParamName="" useRefParam="false" />
        <bool name="bEqual" value="true" refParamName="" useRefParam="false" />
        <bool name="bSkipLogicCheck" value="true" refParamName="" useRefParam="false" />
      </Event>
    </Track>
    <Track trackName="SetActorNodeActiveDuration0" eventType="SetActorNodeActiveDuration" guid="afbbc81e-f0f8-4265-b34c-68eb44effc19" enabled="true" useRefParam="false" refParamName="" r="0.000" g="0.000" b="0.000" execOnForceStopped="false" execOnActionCompleted="false" stopAfterLastEvent="true">
      <Condition id="1" guid="199834cc-3ccb-41b1-b7ad-666558c958f9" status="true" />
      <Event eventName="SetActorNodeActiveDuration" time="0.000" length="3.000" isDuration="true" guid="1b467fbc-1f13-413f-940a-c6f00bb133ea">
        <TemplateObject name="targetId" objectName="self" id="0" isTemp="false" refParamName="" useRefParam="false" />
        <String name="node" value="gong_B" refParamName="" useRefParam="false" />
        <bool name="enabled" value="true" refParamName="" useRefParam="false" />
      </Event>
    </Track>
    <Track trackName="SetActorNodeActiveDuration0" eventType="SetActorNodeActiveDuration" guid="235af06f-2393-43ef-97fe-00bea2d6abe3" enabled="true" useRefParam="false" refParamName="" r="0.000" g="0.000" b="0.000" execOnForceStopped="false" execOnActionCompleted="false" stopAfterLastEvent="true">
      <Condition id="1" guid="199834cc-3ccb-41b1-b7ad-666558c958f9" status="true" />
      <Event eventName="SetActorNodeActiveDuration" time="0.000" length="3.000" isDuration="true" guid="26eb94a6-201c-4c60-9eda-2e71a5fd928c">
        <TemplateObject name="targetId" objectName="self" id="0" isTemp="false" refParamName="" useRefParam="false" />
        <String name="node" value="gong_A" refParamName="" useRefParam="false" />
        <bool name="enabled" value="false" refParamName="" useRefParam="false" />
      </Event>
    </Track>
    <Track trackName="SetActorNodeActiveDuration0" eventType="SetActorNodeActiveDuration" guid="ee033b02-4449-4def-b137-172ede5d763f" enabled="true" useRefParam="false" refParamName="" r="0.000" g="0.000" b="0.000" execOnForceStopped="false" execOnActionCompleted="false" stopAfterLastEvent="true">
      <Condition id="1" guid="199834cc-3ccb-41b1-b7ad-666558c958f9" status="true" />
      <Event eventName="SetActorNodeActiveDuration" time="0.000" length="3.000" isDuration="true" guid="773988b8-5aaa-4cf7-a7d4-a38985a32b37">
        <TemplateObject name="targetId" objectName="self" id="0" isTemp="false" refParamName="" useRefParam="false" />
        <String name="node" value="Hair_Gold" refParamName="" useRefParam="false" />
        <bool name="enabled" value="true" refParamName="" useRefParam="false" />
      </Event>
    </Track>
    <Track trackName="SetActorNodeActiveDuration0" eventType="SetActorNodeActiveDuration" guid="8b5f1039-7286-46a4-92b5-c71e49739a67" enabled="true" useRefParam="false" refParamName="" r="0.000" g="0.000" b="0.000" execOnForceStopped="false" execOnActionCompleted="false" stopAfterLastEvent="true">
      <Condition id="1" guid="199834cc-3ccb-41b1-b7ad-666558c958f9" status="true" />
      <Event eventName="SetActorNodeActiveDuration" time="0.000" length="3.000" isDuration="true" guid="37c65c45-1339-4206-9844-76111d652301">
        <TemplateObject name="targetId" objectName="self" id="0" isTemp="false" refParamName="" useRefParam="false" />
        <String name="node" value="Hair_Black" refParamName="" useRefParam="false" />
        <bool name="enabled" value="false" refParamName="" useRefParam="false" />
      </Event>
    </Track>
    <Track trackName="BuffHudTriggerDuration0" eventType="BuffHudTriggerDuration" guid="f155c09d-0c31-4662-bb73-6d9fe442a0c9" enabled="true" useRefParam="false" refParamName="" r="0.000" g="0.000" b="0.000" execOnForceStopped="false" execOnActionCompleted="false" stopAfterLastEvent="true">
      <Event eventName="BuffHudTriggerDuration" time="0.000" length="3.000" isDuration="true" guid="8c030e46-e810-4de6-9929-18c5327d3d0a">
        <TemplateObject name="targetId" objectName="self" id="0" isTemp="false" refParamName="" useRefParam="false" />
        <bool name="bOverlay" value="false" refParamName="" useRefParam="false" />
        <int name="SelfSkillCombineID" value="501100" refParamName="" useRefParam="false" />
        <Enum name="iconType" value="1" refParamName="" useRefParam="false">
          <uint name="无" />
          <uint name="物攻增强" />
          <uint name="物攻削弱" />
          <uint name="法攻增强" />
          <uint name="法攻削弱" />
          <uint name="伤害增加" />
          <uint name="伤害减少" />
          <uint name="物抗增强" />
          <uint name="物抗削弱" />
          <uint name="法抗增强" />
          <uint name="法抗削弱" />
          <uint name="双抗增强" />
          <uint name="双抗削弱" />
          <uint name="受伤增加" />
          <uint name="受伤减少" />
          <uint name="物吸增强" />
          <uint name="法吸增强" />
          <uint name="韧性增强" />
        </Enum>
        <bool name="bVvisibility" value="true" refParamName="" useRefParam="false" />
        <Enum name="visibility" value="0" refParamName="" useRefParam="false">
          <uint name="施法者可见" />
          <uint name="施法者友方可见" />
          <uint name="施法者敌方可见" />
          <uint name="拥有者可见" />
          <uint name="拥有者友方可见" />
          <uint name="拥有者敌方可见" />
        </Enum>
        <bool name="bOriginVisble" value="true" refParamName="" useRefParam="false" />
        <bool name="bOriginCampVisible" value="true" refParamName="" useRefParam="false" />
        <bool name="bOriginEnemyVisible" value="true" refParamName="" useRefParam="false" />
        <bool name="bOnwerVisible" value="false" refParamName="" useRefParam="false" />
        <bool name="bOnwerCampVisible" value="false" refParamName="" useRefParam="false" />
        <bool name="bOnwerEnemyVisible" value="false" refParamName="" useRefParam="false" />
        <bool name="bShowWhenWatching" value="true" refParamName="" useRefParam="false" />
        <Enum name="priority1" value="2" refParamName="" useRefParam="false">
          <uint name="无" />
          <uint name="对施法者优先显示" />
          <uint name="对拥有者优先显示" />
        </Enum>
        <int name="priority2" value="3000" refParamName="" useRefParam="false" />
        <bool name="bDelay" value="false" refParamName="" useRefParam="false" />
        <int name="DelayTime" value="0" refParamName="" useRefParam="false" />
      </Event>
    </Track>
  </Action>
</Project>