﻿<?xml version="1.0" encoding="utf-8"?>
<Project>
  <TemplateObjectList>
    <TemplateObject objectName="self" id="0" isTemp="false" />
    <TemplateObject objectName="target" id="1" isTemp="false" />
    <TemplateObject objectName="bullet" id="2" isTemp="true" />
    <TemplateObject objectName="efx" id="3" isTemp="true" />
  </TemplateObjectList>
  <RefParamList>
    <String name="BulletPrefab" value="" refParamName="" useRefParam="false" />
    <Vector3i name="_BulletUseDir" x="0" y="0" z="0" refParamName="" useRefParam="false" />
    <Vector3i name="_TargetDir" x="0" y="0" z="0" refParamName="" useRefParam="false" />
    <Vector3i name="_TargetPos" x="0" y="0" z="0" refParamName="" useRefParam="false" />
  </RefParamList>
  <Action tag="" length="1.000" loop="false">
    <Track trackName="SpawnObjectDuration0" eventType="SpawnObjectDuration" guid="f3537a64-a6cf-4de9-9dc7-7fba56330fef" enabled="true" useRefParam="false" refParamName="" r="0.000" g="0.000" b="0.000" execOnForceStopped="false" execOnActionCompleted="false" stopAfterLastEvent="true">
      <Event eventName="SpawnObjectDuration" time="0.000" length="0.333" isDuration="true" guid="4498bf06-2ed1-44c4-8bc2-4613e4f14c8b">
        <TemplateObject name="targetId" objectName="bullet" id="2" isTemp="true" refParamName="" useRefParam="false" />
        <TemplateObject name="parentId" objectName="None" id="-1" isTemp="false" refParamName="" useRefParam="false" />
        <TemplateObject name="objectSpaceId" objectName="self" id="0" isTemp="false" refParamName="" useRefParam="false" />
        <uint name="RefLiteBulletID" value="0" refParamName="" useRefParam="false" />
        <bool name="bTargetPosition" value="false" refParamName="" useRefParam="false" />
        <Vector3i name="targetPosition" x="0" y="0" z="0" refParamName="" useRefParam="false" />
        <String name="prefabName" value="prefab_characters/commonempty" refParamName="" useRefParam="false" />
        <bool name="bMoveCollision" value="false" refParamName="" useRefParam="false" />
        <bool name="recreateExisting" value="true" refParamName="" useRefParam="false" />
        <bool name="superTranslation" value="false" refParamName="" useRefParam="false" />
        <bool name="modifyTranslation" value="true" refParamName="" useRefParam="false" />
        <Vector3i name="translation" x="0" y="1000" z="0" refParamName="" useRefParam="false" />
        <bool name="bHeroEffect" value="false" refParamName="" useRefParam="false" />
        <bool name="bUseIndicatorDir" value="false" refParamName="" useRefParam="false" />
        <bool name="modifyDirection" value="true" refParamName="" useRefParam="false" />
        <Enum name="modifyDirUsage" value="0" refParamName="" useRefParam="false">
          <uint name="当[参考对象]有值时不使用" />
          <uint name="作为本物体朝向" />
          <uint name="本物体朝向它" />
          <uint name="作为旋转" />
          <uint name="使用[参考对象]距离朝向" />
          <uint name="" />
          <uint name="" />
        </Enum>
        <Vector3i name="direction" x="0" y="0" z="0" refParamName="" useRefParam="false" />
        <bool name="bRotation" value="false" refParamName="" useRefParam="false" />
        <int name="yRotation" value="0" refParamName="" useRefParam="false" />
        <bool name="bUseRecordPos" value="false" refParamName="" useRefParam="false" />
        <bool name="bUseRecordDir" value="false" refParamName="" useRefParam="false" />
        <bool name="bChangeMaterialWithParent" value="false" refParamName="" useRefParam="false" />
        <TemplateObject name="materialParentActorId" objectName="self" id="0" isTemp="false" refParamName="" useRefParam="false" />
        <bool name="modifyScaling" value="true" refParamName="" useRefParam="false" />
        <Vector3 name="scaling" x="1.000" y="1.000" z="1.000" refParamName="" useRefParam="false" />
        <bool name="enableLayer" value="false" refParamName="" useRefParam="false" />
        <int name="layer" value="0" refParamName="" useRefParam="false" />
        <bool name="enableTag" value="false" refParamName="" useRefParam="false" />
        <String name="tag" value="" refParamName="" useRefParam="false" />
        <bool name="applyActionSpeedToAnimation" value="true" refParamName="" useRefParam="false" />
        <bool name="applyActionSpeedToParticle" value="true" refParamName="" useRefParam="false" />
        <bool name="bUseSkinAdvance" value="false" refParamName="" useRefParam="false" />
        <bool name="bSameVisibleAsAttacker" value="false" refParamName="" useRefParam="false" />
        <bool name="bVisibleByFow" value="true" refParamName="" useRefParam="false" />
        <int name="sightRadius" value="18000" refParamName="" useRefParam="false" />
        <TemplateObject name="visionActorId" objectName="self" id="0" isTemp="false" refParamName="" useRefParam="false" />
        <bool name="bRefreshVision" value="false" refParamName="" useRefParam="false" />
        <bool name="bInvisibleBullet" value="false" refParamName="" useRefParam="false" />
        <bool name="bForbidBulletInObstacle" value="false" refParamName="" useRefParam="false" />
        <bool name="bForbidTargetOutOfNavmeshConvexHull" value="false" refParamName="" useRefParam="false" />
        <bool name="bLayOnNavMesh" value="false" refParamName="" useRefParam="false" />
        <bool name="bRealTimeSight" value="false" refParamName="" useRefParam="false" />
        <int name="bExtraSightRadius" value="0" refParamName="" useRefParam="false" />
        <bool name="bOpenSight" value="false" refParamName="" useRefParam="false" />
        <bool name="bEnableAnimation" value="false" refParamName="" useRefParam="false" />
        <bool name="bBlockObj" value="false" refParamName="" useRefParam="false" />
        <bool name="bUseSkin" value="false" refParamName="" useRefParam="false" />
        <bool name="bRecordObjPosition" value="false" refParamName="" useRefParam="false" />
        <TemplateObject name="recordTargeID" objectName="None" id="-1" isTemp="false" refParamName="" useRefParam="false" />
        <bool name="bOnlyFollowPos" value="false" refParamName="" useRefParam="false" />
        <bool name="bEnableShadow" value="false" refParamName="" useRefParam="false" />
        <TrackObject name="trackId" id="-1" guid="" refParamName="" useRefParam="false" />
      </Event>
    </Track>
    <Track trackName="SetCollisionTick4" eventType="SetCollisionTick" guid="2150e23c-49e9-4e75-bab4-b87130d12295" enabled="true" useRefParam="false" refParamName="" r="0.000" g="0.000" b="0.000" execOnForceStopped="false" execOnActionCompleted="false" stopAfterLastEvent="true">
      <Event eventName="SetCollisionTick" time="0.000" isDuration="false" guid="3cebc6e2-5b3f-4a3e-a874-dce4c7a6f62d">
        <TemplateObject name="targetId" objectName="bullet" id="2" isTemp="true" refParamName="" useRefParam="false" />
        <Enum name="type" value="0" refParamName="" useRefParam="false">
          <uint name="BOX" />
          <uint name="SPHERE" />
          <uint name="CYLINDERSECTOR" />
          <uint name="CIRQUE" />
          <uint name="三角柱" />
        </Enum>
        <bool name="bIsBlockMonsterType" value="false" refParamName="" useRefParam="false" />
        <bool name="bIsBlockSoliderLine" value="false" refParamName="" useRefParam="false" />
        <bool name="bIsBlockJungleMonster" value="false" refParamName="" useRefParam="false" />
        <bool name="bIsBlockSoliderType" value="false" refParamName="" useRefParam="false" />
        <bool name="bIsBlockPet" value="false" refParamName="" useRefParam="false" />
        <Enum name="blockCampType" value="0" refParamName="" useRefParam="false">
          <uint name="阻挡敌对阵营" />
          <uint name="阻挡自己阵营" />
          <uint name="阻挡所有阵营" />
        </Enum>
        <bool name="bVaildBlockForSelfTeamHero" value="false" refParamName="" useRefParam="false" />
        <bool name="bVaildBlockForEnemyTeamHero" value="false" refParamName="" useRefParam="false" />
        <Vector3i name="Pos" x="0" y="0" z="2500" refParamName="" useRefParam="false" />
        <Vector3i name="Size" x="2000" y="8000" z="5000" refParamName="" useRefParam="false" />
        <TemplateObject name="BoxStartPosObj" objectName="None" id="-1" isTemp="false" refParamName="" useRefParam="false" />
        <TemplateObject name="BoxEndPosObj" objectName="None" id="-1" isTemp="false" refParamName="" useRefParam="false" />
        <Array name="PosList" refParamName="" useRefParam="false" type="Vector3i" />
        <int name="Radius" value="0" refParamName="" useRefParam="false" />
        <int name="RadiusGrowthValue" value="0" refParamName="" useRefParam="false" />
        <int name="SectorRadius" value="1000" refParamName="" useRefParam="false" />
        <int name="SectorExternalRadiusGrowthValue" value="0" refParamName="" useRefParam="false" />
        <int name="SectorInnerRadius" value="0" refParamName="" useRefParam="false" />
        <int name="SectorInnerRadiusGrowthValue" value="0" refParamName="" useRefParam="false" />
        <int name="Height" value="500" refParamName="" useRefParam="false" />
        <int name="Degree" value="160" refParamName="" useRefParam="false" />
        <int name="Rotation" value="160" refParamName="" useRefParam="false" />
        <int name="ExternalRadius" value="0" refParamName="" useRefParam="false" />
        <int name="ExternalRadiusGrowthValue" value="0" refParamName="" useRefParam="false" />
        <int name="InnerRadius" value="0" refParamName="" useRefParam="false" />
        <int name="InnerRadiusGrowthValue" value="0" refParamName="" useRefParam="false" />
        <bool name="bCheckCollisionY" value="false" refParamName="" useRefParam="false" />
        <Vector3i name="CollisionScaler" x="0" y="0" z="0" refParamName="" useRefParam="false" />
      </Event>
    </Track>
    <Track trackName="HitTriggerDuration0" eventType="HitTriggerDuration" guid="a9e43ef2-e9a9-4499-9d36-954e8200ae7b" enabled="true" useRefParam="false" refParamName="" r="0.000" g="0.000" b="0.000" execOnForceStopped="false" execOnActionCompleted="false" stopAfterLastEvent="true">
      <Event eventName="HitTriggerDuration" time="0.000" length="0.333" isDuration="true" guid="d4c3530e-0f26-402b-b59b-14c92bb8f4ed">
        <TemplateObject name="triggerId" objectName="bullet" id="2" isTemp="true" refParamName="" useRefParam="false" />
        <TemplateObject name="attackerId" objectName="self" id="0" isTemp="false" refParamName="" useRefParam="false" />
        <bool name="bInheritRefParams" value="false" refParamName="" useRefParam="false" />
        <int name="triggerInterval" value="1" refParamName="" useRefParam="false" />
        <int name="TriggerActorInterval" value="1" refParamName="" useRefParam="false" />
        <bool name="bFilterEnemy" value="false" refParamName="" useRefParam="false" />
        <bool name="bFilterFriend" value="true" refParamName="" useRefParam="false" />
        <bool name="bFilterCamp" value="false" refParamName="" useRefParam="false" />
        <int name="filterCamp" value="0" refParamName="" useRefParam="false" />
        <bool name="bFilterHero" value="false" refParamName="" useRefParam="false" />
        <bool name="bFileterMonter" value="false" refParamName="" useRefParam="false" />
        <bool name="bFileterOrgan" value="true" refParamName="" useRefParam="false" />
        <bool name="bFilterEye" value="true" refParamName="" useRefParam="false" />
        <bool name="bFilterChest" value="true" refParamName="" useRefParam="false" />
        <bool name="bFilterMyself" value="true" refParamName="" useRefParam="false" />
        <bool name="bFilterDead" value="true" refParamName="" useRefParam="false" />
        <bool name="bFilterHeroPet" value="false" refParamName="" useRefParam="false" />
        <bool name="bFilterDeadControlHero" value="true" refParamName="" useRefParam="false" />
        <bool name="bFilterCurrentTarget" value="false" refParamName="" useRefParam="false" />
        <bool name="bFilterMoveDirection" value="false" refParamName="" useRefParam="false" />
        <int name="Angle" value="-1" refParamName="" useRefParam="false" />
        <bool name="bOnlyOneKillActor" value="false" refParamName="" useRefParam="false" />
        <bool name="bOnlyBigMonster" value="false" refParamName="" useRefParam="false" />
        <bool name="bOnlyMe" value="false" refParamName="" useRefParam="false" />
        <bool name="bOnlyBullet" value="false" refParamName="" useRefParam="false" />
        <TemplateObject name="bulletID" objectName="None" id="-1" isTemp="false" refParamName="" useRefParam="false" />
        <bool name="bFilterCantAttack" value="false" refParamName="" useRefParam="false" />
        <bool name="bFilterSpecialType1" value="true" refParamName="" useRefParam="false" />
        <bool name="bFilterSpecialType2" value="true" refParamName="" useRefParam="false" />
        <bool name="bOnlyBeControledActor" value="false" refParamName="" useRefParam="false" />
        <bool name="bOnlyPet" value="false" refParamName="" useRefParam="false" />
        <bool name="bOnlyAttackerPet" value="false" refParamName="" useRefParam="false" />
        <bool name="bOnlyDeadOrgan" value="false" refParamName="" useRefParam="false" />
        <bool name="bFilterCanntAttackOrgan" value="true" refParamName="" useRefParam="false" />
        <int name="TriggerActorCount" value="32" refParamName="" useRefParam="false" />
        <Enum name="SelectMode" value="0" refParamName="" useRefParam="false">
          <uint name="随机选择" />
          <uint name="血量选择" />
          <uint name="按眼的规则选择" />
          <uint name="距离优先" />
          <uint name="Ad+Ap最大选择" />
          <uint name="优先被控制单位" />
          <uint name="距离最大优先" />
        </Enum>
        <bool name="bIsUnifiedListSelect" value="false" refParamName="" useRefParam="false" />
        <int name="CollideMaxCount" value="1" refParamName="" useRefParam="false" />
        <int name="MaxTriggerCount" value="-1" refParamName="" useRefParam="false" />
        <int name="MaxSelfBuffCount" value="-1" refParamName="" useRefParam="false" />
        <int name="MaxTargetBuffCount" value="-1" refParamName="" useRefParam="false" />
        <bool name="bTotalHitCount" value="false" refParamName="" useRefParam="false" />
        <bool name="bEdgeCheck" value="false" refParamName="" useRefParam="false" />
        <bool name="bExtraBuff" value="false" refParamName="" useRefParam="false" />
        <int name="SelfSkillCombineID_1" value="0" refParamName="" useRefParam="false" />
        <int name="SelfSkillCombineID_2" value="0" refParamName="" useRefParam="false" />
        <int name="SelfSkillCombineID_3" value="0" refParamName="" useRefParam="false" />
        <int name="TargetSkillCombine_1" value="501301" refParamName="" useRefParam="false" />
        <bool name="TargetSkillLeaveRemove_1" value="false" refParamName="" useRefParam="false" />
        <int name="TargetSkillCombine_2" value="501302" refParamName="" useRefParam="false" />
        <bool name="TargetSkillLeaveRemove_2" value="false" refParamName="" useRefParam="false" />
        <int name="TargetSkillCombine_3" value="0" refParamName="" useRefParam="false" />
        <bool name="TargetSkillLeaveRemove_3" value="false" refParamName="" useRefParam="false" />
        <bool name="bTriggerBullet" value="false" refParamName="" useRefParam="false" />
        <String name="BulletActionName" value="" refParamName="" useRefParam="false" />
        <bool name="bAgeImmeExcute" value="false" refParamName="" useRefParam="false" />
        <bool name="bUseTriggerObj" value="true" refParamName="" useRefParam="false" />
        <bool name="bForceUseTriggerObj" value="false" refParamName="" useRefParam="false" />
        <bool name="bCheckSight" value="false" refParamName="" useRefParam="false" />
        <bool name="bTriggerMode" value="false" refParamName="" useRefParam="false" />
        <bool name="bTriggerBounceBullet" value="false" refParamName="" useRefParam="false" />
        <bool name="bCheckSkillLevel" value="false" refParamName="" useRefParam="false" />
        <Enum name="refSkillSlot" value="1" refParamName="" useRefParam="false">
          <uint name="普攻" />
          <uint name="技能1" />
          <uint name="技能2" />
          <uint name="技能3" />
          <uint name="技能4" />
          <uint name="天赋技能" />
          <uint name="回城" />
          <uint name="饰品栏技能" />
          <uint name="" />
          <uint name="" />
          <uint name="" />
        </Enum>
        <int name="refSkillLevel" value="0" refParamName="" useRefParam="false" />
        <Enum name="compareOPType" value="3" refParamName="" useRefParam="false">
          <uint name="不比较" />
          <uint name="小于" />
          <uint name="小等于" />
          <uint name="等于" />
          <uint name="大于" />
          <uint name="大等于" />
          <uint name="" />
          <uint name="" />
          <uint name="" />
        </Enum>
        <bool name="bFilterMajorMonster" value="false" refParamName="" useRefParam="false" />
        <bool name="bFilterMinorMonster" value="false" refParamName="" useRefParam="false" />
        <bool name="bFilterSoldier" value="false" refParamName="" useRefParam="false" />
        <bool name="bFilterOtherMonster" value="false" refParamName="" useRefParam="false" />
        <bool name="bAddEffectCount" value="true" refParamName="" useRefParam="false" />
        <bool name="bOverrideParam" value="false" refParamName="" useRefParam="false" />
        <int name="buffOverrideParam1" value="0" refParamName="" useRefParam="false" />
        <int name="buffOverrideParam2" value="0" refParamName="" useRefParam="false" />
        <int name="buffOverrideParam3" value="0" refParamName="" useRefParam="false" />
        <int name="buffOverrideParam4" value="0" refParamName="" useRefParam="false" />
        <int name="buffOverrideParam5" value="0" refParamName="" useRefParam="false" />
        <Array name="filterObjList" refParamName="" useRefParam="false" type="TemplateObject" />
        <bool name="bFliterTargetObj" value="false" refParamName="" useRefParam="false" />
        <Enum name="skillHitTag" value="0" refParamName="" useRefParam="false">
          <uint name="无" />
          <uint name="卡莉计数" />
        </Enum>
      </Event>
    </Track>
    <Track trackName="MoveBulletDuration" eventType="MoveBulletDuration" guid="dafee36a-f3ca-4e7f-8759-74698aa82ef9" enabled="true" useRefParam="false" refParamName="" r="0.000" g="0.000" b="0.000" execOnForceStopped="false" execOnActionCompleted="false" stopAfterLastEvent="true">
      <Event eventName="MoveBulletDuration" time="0.000" length="0.266" isDuration="true" guid="fcdad701-61b1-4225-a6bd-8f8e7a074671">
        <TemplateObject name="targetId" objectName="bullet" id="2" isTemp="true" refParamName="" useRefParam="false" />
        <Enum name="MoveType" value="2" refParamName="" useRefParam="false">
          <uint name="指定目标" />
          <uint name="指定位置" />
          <uint name="指定朝向" />
        </Enum>
        <TemplateObject name="destId" objectName="None" id="-1" isTemp="false" refParamName="" useRefParam="false" />
        <Vector3i name="targetPosition" x="0" y="0" z="0" refParamName="" useRefParam="false" />
        <Vector3i name="offsetDir" x="0" y="0" z="0" refParamName="" useRefParam="false" />
        <bool name="bIgnoreCharCollisionSize" value="false" refParamName="" useRefParam="false" />
        <Enum name="hitPoint" value="0" refParamName="" useRefParam="false">
          <uint name="默认子弹受击高度" />
          <uint name="废弃，兼容老Age" />
          <uint name="任意位置" />
        </Enum>
        <Vector3i name="anyHitPointOffset" x="0" y="0" z="0" refParamName="" useRefParam="false" />
        <int name="distance" value="10000" refParamName="" useRefParam="false" />
        <bool name="bChargingEffect" value="false" refParamName="" useRefParam="false" />
        <int name="chargingDistance" value="0" refParamName="" useRefParam="false" />
        <bool name="bResetMoveDistance" value="false" refParamName="" useRefParam="false" />
        <String name="OutputVelocityName" value="" refParamName="" useRefParam="false" />
        <int name="velocity" value="40000" refParamName="" useRefParam="false" />
        <int name="acceleration" value="0" refParamName="" useRefParam="false" />
        <int name="gravity" value="0" refParamName="" useRefParam="false" />
        <int name="groundOffset" value="0" refParamName="" useRefParam="false" />
        <bool name="bMoveRotate" value="false" refParamName="" useRefParam="false" />
        <bool name="bAdjustSpeed" value="false" refParamName="" useRefParam="false" />
        <int name="minSpeed" value="-1" refParamName="" useRefParam="false" />
        <bool name="bBulletUseDir" value="true" refParamName="" useRefParam="false" />
        <bool name="bIgnoreHeight" value="true" refParamName="" useRefParam="false" />
        <bool name="bLockY" value="false" refParamName="" useRefParam="false" />
        <bool name="bUseIndicatorDir" value="false" refParamName="" useRefParam="false" />
        <bool name="bUseSpecifiedDir" value="false" refParamName="" useRefParam="false" />
        <Vector3i name="specifiedDir" x="0" y="0" z="0" refParamName="" useRefParam="false" />
        <bool name="bReachDestStop" value="true" refParamName="" useRefParam="false" />
        <bool name="bFollow" value="false" refParamName="" useRefParam="false" />
        <bool name="bUseSelfMoveSpeed" value="false" refParamName="" useRefParam="false" />
        <bool name="bStopOnNavEdge" value="false" refParamName="" useRefParam="false" />
        <bool name="bPerfectFitEdge" value="false" refParamName="" useRefParam="false" />
        <bool name="bDelayLeave" value="false" refParamName="" useRefParam="false" />
        <int name="randomRotateRange" value="0" refParamName="" useRefParam="false" />
        <bool name="bKeepRelateDistance" value="false" refParamName="" useRefParam="false" />
        <bool name="bOptimizeLanding" value="false" refParamName="" useRefParam="false" />
        <bool name="bDontFallInWall" value="false" refParamName="" useRefParam="false" />
        <TrackObject name="trackId" id="-1" guid="" refParamName="" useRefParam="false" />
      </Event>
    </Track>
    <Track trackName="efx" eventType="SpawnObjectDuration" guid="256601f1-ba50-48bc-b5c1-4d5297e8a043" enabled="true" useRefParam="false" refParamName="" r="0.000" g="0.000" b="0.000" execOnForceStopped="false" execOnActionCompleted="false" stopAfterLastEvent="true">
      <Event eventName="SpawnObjectDuration" time="0.000" length="1.000" isDuration="true" guid="d42b9c3d-ed42-490d-9853-f1265f4627f6">
        <TemplateObject name="targetId" objectName="efx" id="3" isTemp="true" refParamName="" useRefParam="false" />
        <TemplateObject name="parentId" objectName="None" id="-1" isTemp="false" refParamName="" useRefParam="false" />
        <TemplateObject name="objectSpaceId" objectName="self" id="0" isTemp="false" refParamName="" useRefParam="false" />
        <uint name="RefLiteBulletID" value="0" refParamName="" useRefParam="false" />
        <bool name="bTargetPosition" value="false" refParamName="" useRefParam="false" />
        <Vector3i name="targetPosition" x="0" y="0" z="0" refParamName="" useRefParam="false" />
        <String name="prefabName" value="prefab_characters/commonempty" refParamName="" useRefParam="false" />
        <bool name="bMoveCollision" value="false" refParamName="" useRefParam="false" />
        <bool name="recreateExisting" value="true" refParamName="" useRefParam="false" />
        <bool name="superTranslation" value="false" refParamName="" useRefParam="false" />
        <bool name="modifyTranslation" value="true" refParamName="" useRefParam="false" />
        <Vector3i name="translation" x="0" y="0" z="5000" refParamName="" useRefParam="false" />
        <bool name="bHeroEffect" value="false" refParamName="" useRefParam="false" />
        <bool name="bUseIndicatorDir" value="false" refParamName="" useRefParam="false" />
        <bool name="modifyDirection" value="true" refParamName="" useRefParam="false" />
        <Enum name="modifyDirUsage" value="0" refParamName="" useRefParam="false">
          <uint name="当[参考对象]有值时不使用" />
          <uint name="作为本物体朝向" />
          <uint name="本物体朝向它" />
          <uint name="作为旋转" />
          <uint name="使用[参考对象]距离朝向" />
          <uint name="" />
          <uint name="" />
        </Enum>
        <Vector3i name="direction" x="0" y="0" z="0" refParamName="" useRefParam="false" />
        <bool name="bRotation" value="false" refParamName="" useRefParam="false" />
        <int name="yRotation" value="0" refParamName="" useRefParam="false" />
        <bool name="bUseRecordPos" value="false" refParamName="" useRefParam="false" />
        <bool name="bUseRecordDir" value="false" refParamName="" useRefParam="false" />
        <bool name="bChangeMaterialWithParent" value="false" refParamName="" useRefParam="false" />
        <TemplateObject name="materialParentActorId" objectName="self" id="0" isTemp="false" refParamName="" useRefParam="false" />
        <bool name="modifyScaling" value="true" refParamName="" useRefParam="false" />
        <Vector3 name="scaling" x="1.000" y="1.000" z="1.000" refParamName="" useRefParam="false" />
        <bool name="enableLayer" value="false" refParamName="" useRefParam="false" />
        <int name="layer" value="0" refParamName="" useRefParam="false" />
        <bool name="enableTag" value="false" refParamName="" useRefParam="false" />
        <String name="tag" value="" refParamName="" useRefParam="false" />
        <bool name="applyActionSpeedToAnimation" value="true" refParamName="" useRefParam="false" />
        <bool name="applyActionSpeedToParticle" value="true" refParamName="" useRefParam="false" />
        <bool name="bUseSkinAdvance" value="false" refParamName="" useRefParam="false" />
        <bool name="bSameVisibleAsAttacker" value="false" refParamName="" useRefParam="false" />
        <bool name="bVisibleByFow" value="true" refParamName="" useRefParam="false" />
        <int name="sightRadius" value="18000" refParamName="" useRefParam="false" />
        <TemplateObject name="visionActorId" objectName="self" id="0" isTemp="false" refParamName="" useRefParam="false" />
        <bool name="bRefreshVision" value="false" refParamName="" useRefParam="false" />
        <bool name="bInvisibleBullet" value="false" refParamName="" useRefParam="false" />
        <bool name="bForbidBulletInObstacle" value="false" refParamName="" useRefParam="false" />
        <bool name="bForbidTargetOutOfNavmeshConvexHull" value="false" refParamName="" useRefParam="false" />
        <bool name="bLayOnNavMesh" value="false" refParamName="" useRefParam="false" />
        <bool name="bRealTimeSight" value="true" refParamName="" useRefParam="false" />
        <int name="bExtraSightRadius" value="0" refParamName="" useRefParam="false" />
        <bool name="bOpenSight" value="false" refParamName="" useRefParam="false" />
        <bool name="bEnableAnimation" value="false" refParamName="" useRefParam="false" />
        <bool name="bBlockObj" value="false" refParamName="" useRefParam="false" />
        <bool name="bUseSkin" value="false" refParamName="" useRefParam="false" />
        <bool name="bRecordObjPosition" value="false" refParamName="" useRefParam="false" />
        <TemplateObject name="recordTargeID" objectName="None" id="-1" isTemp="false" refParamName="" useRefParam="false" />
        <bool name="bOnlyFollowPos" value="false" refParamName="" useRefParam="false" />
        <bool name="bEnableShadow" value="false" refParamName="" useRefParam="false" />
        <TrackObject name="trackId" id="-1" guid="" refParamName="" useRefParam="false" />
      </Event>
    </Track>
    <Track trackName="TriggerParticle0" eventType="TriggerParticle" guid="5d2ae9c0-8ca7-4259-9e58-0affd0a541e3" enabled="true" useRefParam="false" refParamName="" r="0.000" g="0.000" b="0.000" execOnForceStopped="false" execOnActionCompleted="false" stopAfterLastEvent="true">
      <Event eventName="TriggerParticle" time="0.000" length="1.000" isDuration="true" guid="47b36f7a-5051-4cfb-8383-998dac5c2bb2">
        <TemplateObject name="targetId" objectName="efx" id="3" isTemp="true" refParamName="" useRefParam="false" />
        <TemplateObject name="objectSpaceId" objectName="efx" id="3" isTemp="true" refParamName="" useRefParam="false" />
        <uint name="RefLiteBulletID" value="0" refParamName="" useRefParam="false" />
        <String name="parentResourceName" value="" refParamName="" useRefParam="false" />
        <String name="resourceName" value="prefab_skill_effects/hero_skill_effects/501_TelAnnas/TelAnnas_spell3_1" refParamName="" useRefParam="false" />
        <String name="resourceName2" value="" refParamName="" useRefParam="false" />
        <String name="resourceName3" value="" refParamName="" useRefParam="false" />
        <String name="bindPointName" value="" refParamName="" useRefParam="false" />
        <bool name="dontShowIfNoBindPoint" value="false" refParamName="" useRefParam="false" />
        <Vector3 name="bindPosOffset" x="0.000" y="0.000" z="-5.000" refParamName="" useRefParam="false" />
        <bool name="bIsBindPosYRelateBeHitHeight" value="false" refParamName="" useRefParam="false" />
        <bool name="bBindPosOffsetInWorldSpace" value="false" refParamName="" useRefParam="false" />
        <EulerAngle name="bindRotOffset" x="0.000" y="0.000" z="0.000" refParamName="" useRefParam="false" />
        <Vector3 name="scaling" x="1.000" y="1.000" z="1.000" refParamName="" useRefParam="false" />
        <bool name="useScalingInt" value="false" refParamName="" useRefParam="false" />
        <Vector3i name="scalingInt" x="10000" y="10000" z="10000" refParamName="" useRefParam="false" />
        <bool name="bUseRealScaling" value="false" refParamName="" useRefParam="false" />
        <bool name="bOnlyScaleRoot" value="false" refParamName="" useRefParam="false" />
        <bool name="bEnableOptCull" value="true" refParamName="" useRefParam="false" />
        <bool name="bHeroEffect" value="false" refParamName="" useRefParam="false" />
        <bool name="bBullerPosDir" value="false" refParamName="" useRefParam="false" />
        <TemplateObject name="lookTargetId" objectName="None" id="-1" isTemp="false" refParamName="" useRefParam="false" />
        <bool name="bAlwaysLookTarget" value="false" refParamName="" useRefParam="false" />
        <bool name="bLookTarget" value="false" refParamName="" useRefParam="false" />
        <bool name="applyActionSpeedToParticle" value="false" refParamName="" useRefParam="false" />
        <bool name="applyActionSpeedToAnimation" value="false" refParamName="" useRefParam="false" />
        <int name="extend" value="10" refParamName="" useRefParam="false" />
        <bool name="bOnlyFollowPos" value="false" refParamName="" useRefParam="false" />
        <bool name="b1stTickParentRot" value="false" refParamName="" useRefParam="false" />
        <bool name="bHideWhenDead" value="true" refParamName="" useRefParam="false" />
        <bool name="bIgnoreWhenHideModel" value="false" refParamName="" useRefParam="false" />
        <bool name="bRotateFollowCamera" value="false" refParamName="" useRefParam="false" />
        <bool name="bUse3DUICamera" value="false" refParamName="" useRefParam="false" />
        <bool name="bUseTargetSkinEffect" value="false" refParamName="" useRefParam="false" />
        <bool name="bReplayWhenChangeMesh" value="false" refParamName="" useRefParam="false" />
        <bool name="bTrailProtect" value="false" refParamName="" useRefParam="false" />
        <bool name="bUseClearTrailProtect" value="false" refParamName="" useRefParam="false" />
        <bool name="bKeepChildScale" value="false" refParamName="" useRefParam="false" />
        <int name="iDelayDisappearTime" value="0" refParamName="" useRefParam="false" />
        <bool name="bBulletPos" value="false" refParamName="" useRefParam="false" />
        <bool name="bBulletDir" value="false" refParamName="" useRefParam="false" />
        <int name="particleScaleGrow" value="0" refParamName="" useRefParam="false" />
        <bool name="enableMaxFollowTime" value="false" refParamName="" useRefParam="false" />
        <float name="maxFollowTime" value="0.000" refParamName="" useRefParam="false" />
        <bool name="bindOnHUD" value="false" refParamName="" useRefParam="false" />
        <Enum name="showInStatus" value="0" refParamName="" useRefParam="false">
          <uint name="任意状态" />
          <uint name="Idle状态" />
          <uint name="移动状态" />
          <uint name="死亡状态" />
          <uint name="其他状态" />
          <uint name="脱战状态" />
          <uint name="战斗状态" />
          <uint name="非隐藏在草丛" />
          <uint name="隐藏在草丛" />
        </Enum>
        <bool name="bExcludeSpecialActor" value="true" refParamName="" useRefParam="false" />
        <Enum name="ReplacementUsage" value="0" refParamName="" useRefParam="false">
          <uint name="无" />
          <uint name="回城特效" />
          <uint name="击杀特效" />
          <uint name="泉水加速特效" />
        </Enum>
        <Enum name="ReplacementSubUsage" value="0" refParamName="" useRefParam="false">
          <uint name="无" />
          <uint name="回城落地特效" />
        </Enum>
        <bool name="bNoDynamicLod" value="false" refParamName="" useRefParam="false" />
        <bool name="bMeshResouce" value="false" refParamName="" useRefParam="false" />
        <bool name="bAllowEmptyEffect" value="false" refParamName="" useRefParam="false" />
        <bool name="bSpecialBuffEffect" value="false" refParamName="" useRefParam="false" />
        <bool name="bActionCtrlObjs" value="false" refParamName="" useRefParam="false" />
        <bool name="bLayOnNavMesh" value="false" refParamName="" useRefParam="false" />
        <bool name="bInvisibleSelf" value="false" refParamName="" useRefParam="false" />
        <bool name="bInvisibleEnemy" value="false" refParamName="" useRefParam="false" />
        <bool name="bInvisibleTeamNotSelf" value="false" refParamName="" useRefParam="false" />
        <bool name="bInvisibleEnemyForTarget" value="false" refParamName="" useRefParam="false" />
        <String name="syncAnimationName" value="" refParamName="" useRefParam="false" />
        <bool name="bUseRootBoneScaling" value="false" refParamName="" useRefParam="false" />
        <bool name="bReverseXWhenCameraMirror" value="false" refParamName="" useRefParam="false" />
        <bool name="bReverseRotOffsetWhenCameraMirro" value="true" refParamName="" useRefParam="false" />
        <bool name="bApplySpecialEffect" value="false" refParamName="" useRefParam="false" />
        <bool name="bResetHurtColor" value="false" refParamName="" useRefParam="false" />
        <bool name="bSyncActorAnimation" value="false" refParamName="" useRefParam="false" />
      </Event>
    </Track>
    <Track trackName="BulletTriggerDuration0" eventType="BulletTriggerDuration" guid="419e1130-6cf8-4128-82a6-f55ee34306fb" enabled="false" useRefParam="false" refParamName="" r="0.000" g="0.000" b="0.000" execOnForceStopped="false" execOnActionCompleted="false" stopAfterLastEvent="true">
      <Event eventName="BulletTriggerDuration" time="0.000" length="0.900" isDuration="true" guid="5e260e6c-8ddb-4738-bb53-8a9d59b4dff8">
        <TemplateObject name="triggerId" objectName="bullet" id="2" isTemp="true" refParamName="" useRefParam="false" />
        <TemplateObject name="attackerId" objectName="self" id="0" isTemp="false" refParamName="" useRefParam="false" />
        <int name="triggerInterval" value="30" refParamName="" useRefParam="false" />
        <int name="TriggerActorInterval" value="30" refParamName="" useRefParam="false" />
        <bool name="bFilterEnemy" value="false" refParamName="" useRefParam="false" />
        <bool name="bFilterFriend" value="true" refParamName="" useRefParam="false" />
        <bool name="bFilterHero" value="false" refParamName="" useRefParam="false" />
        <bool name="bFileterMonter" value="false" refParamName="" useRefParam="false" />
        <bool name="bFileterOrgan" value="true" refParamName="" useRefParam="false" />
        <bool name="bFilterChest" value="true" refParamName="" useRefParam="false" />
        <bool name="bFilterMyself" value="true" refParamName="" useRefParam="false" />
        <bool name="bFilterDead" value="true" refParamName="" useRefParam="false" />
        <bool name="bFilterHeroPet" value="false" refParamName="" useRefParam="false" />
        <bool name="bOnlyMe" value="false" refParamName="" useRefParam="false" />
        <bool name="bOnlyPet" value="false" refParamName="" useRefParam="false" />
        <bool name="bOnlyAttackerPet" value="false" refParamName="" useRefParam="false" />
        <int name="TriggerActorCount" value="-7" refParamName="" useRefParam="false" />
        <Enum name="SelectMode" value="0" refParamName="" useRefParam="false">
          <uint name="随机选择" />
          <uint name="血量选择" />
        </Enum>
        <int name="CollideMaxCount" value="1" refParamName="" useRefParam="false" />
        <bool name="bTotalHitCount" value="false" refParamName="" useRefParam="false" />
        <bool name="bEdgeCheck" value="false" refParamName="" useRefParam="false" />
        <bool name="bExtraBuff" value="false" refParamName="" useRefParam="false" />
        <int name="SelfSkillCombineID_1" value="0" refParamName="" useRefParam="false" />
        <int name="SelfSkillCombineID_2" value="0" refParamName="" useRefParam="false" />
        <int name="SelfSkillCombineID_3" value="0" refParamName="" useRefParam="false" />
        <int name="TargetSkillCombine_1" value="0" refParamName="" useRefParam="false" />
        <int name="TargetSkillCombine_2" value="0" refParamName="" useRefParam="false" />
        <int name="TargetSkillCombine_3" value="0" refParamName="" useRefParam="false" />
        <bool name="bTriggerBullet" value="false" refParamName="" useRefParam="false" />
        <String name="BulletActionName" value="" refParamName="" useRefParam="false" />
        <TemplateObject name="targetId" objectName="bullet" id="2" isTemp="true" refParamName="" useRefParam="false" />
        <Enum name="MoveType" value="2" refParamName="" useRefParam="false">
          <uint name="指定目标" />
          <uint name="指定位置" />
          <uint name="指定朝向" />
        </Enum>
        <TemplateObject name="destId" objectName="None" id="-1" isTemp="false" refParamName="" useRefParam="false" />
        <Vector3i name="targetPosition" x="0" y="0" z="0" refParamName="" useRefParam="false" />
        <Vector3i name="offsetDir" x="0" y="0" z="0" refParamName="" useRefParam="false" />
        <Enum name="hitPoint" value="0" refParamName="" useRefParam="false">
          <uint name="默认子弹受击高度" />
          <uint name="废弃，兼容老Age" />
          <uint name="任意位置" />
        </Enum>
        <Vector3i name="anyHitPointOffset" x="0" y="0" z="0" refParamName="" useRefParam="false" />
        <int name="distance" value="8000" refParamName="" useRefParam="false" />
        <String name="OutputVelocityName" value="" refParamName="" useRefParam="false" />
        <int name="velocity" value="10000" refParamName="" useRefParam="false" />
        <int name="acceleration" value="0" refParamName="" useRefParam="false" />
        <int name="gravity" value="0" refParamName="" useRefParam="false" />
        <bool name="bMoveOnXAxis" value="false" refParamName="" useRefParam="false" />
        <int name="distanceZ0" value="0" refParamName="" useRefParam="false" />
        <int name="distanceZ1" value="0" refParamName="" useRefParam="false" />
        <int name="distanceX" value="0" refParamName="" useRefParam="false" />
        <bool name="bMoveRotate" value="true" refParamName="" useRefParam="false" />
        <bool name="bAdjustSpeed" value="false" refParamName="" useRefParam="false" />
        <int name="minSpeed" value="-1" refParamName="" useRefParam="false" />
        <bool name="bBulletUseDir" value="true" refParamName="" useRefParam="false" />
        <bool name="bUseIndicatorDir" value="false" refParamName="" useRefParam="false" />
        <bool name="bReachDestStop" value="true" refParamName="" useRefParam="false" />
        <bool name="bStopOnNavEdge" value="false" refParamName="" useRefParam="false" />
        <Enum name="DependCheckType" value="3" refParamName="" useRefParam="false">
          <uint name="HitTrigger" />
          <uint name="MoveBullet" />
          <uint name="HitTrigger与MoveBullet" />
          <uint name="HitTrigger或MoveBullet" />
        </Enum>
        <int name="nAddDmgByLifeTime" value="0" refParamName="" useRefParam="false" />
        <bool name="bDelayLeave" value="false" refParamName="" useRefParam="false" />
        <bool name="bFirstCheckThenMove" value="false" refParamName="" useRefParam="false" />
      </Event>
    </Track>
    <Track trackName="CameraShakeDuration0" eventType="CameraShakeDuration" guid="ae5856b7-5e86-4dfb-83ec-1423071c7d94" enabled="true" useRefParam="false" refParamName="" r="0.000" g="0.000" b="0.000" execOnForceStopped="false" execOnActionCompleted="false" stopAfterLastEvent="true">
      <Condition id="6" guid="419e1130-6cf8-4128-82a6-f55ee34306fb" status="true" />
      <Event eventName="CameraShakeDuration" time="0.000" length="0.200" isDuration="true" guid="c4b6edd1-ea81-4ba7-9f83-a31d2e9ac630">
        <bool name="useMainCamera" value="true" refParamName="" useRefParam="false" />
        <TemplateObject name="targetId" objectName="None" id="-1" isTemp="false" refParamName="" useRefParam="false" />
        <bool name="filter_self" value="true" refParamName="" useRefParam="false" />
        <bool name="filter_target" value="false" refParamName="" useRefParam="false" />
        <bool name="filter_enemy" value="false" refParamName="" useRefParam="false" />
        <bool name="filter_allies" value="false" refParamName="" useRefParam="false" />
        <bool name="useAccumOffset" value="false" refParamName="" useRefParam="false" />
        <bool name="bApplyToLocalSpace" value="false" refParamName="" useRefParam="false" />
        <TemplateObject name="objectSpace" objectName="None" id="-1" isTemp="false" refParamName="" useRefParam="false" />
        <int name="frameRate" value="30" refParamName="" useRefParam="false" />
        <bool name="canBeCover" value="false" refParamName="" useRefParam="false" />
        <Vector3 name="shakeRange" x="0.300" y="0.200" z="0.300" refParamName="" useRefParam="false" />
        <bool name="cosDecay" value="false" refParamName="" useRefParam="false" />
        <float name="cosDecayFactor" value="1.000" refParamName="" useRefParam="false" />
        <bool name="bUseMoveSeq" value="false" refParamName="" useRefParam="false" />
        <String name="moveSeq" value="" refParamName="" useRefParam="false" />
        <bool name="bUseLerp" value="true" refParamName="" useRefParam="false" />
        <bool name="bUseCustomCurveMode" value="false" refParamName="" useRefParam="false" />
        <String name="curvesPath" value="" refParamName="" useRefParam="false" />
      </Event>
    </Track>
    <Track trackName="SkillPerfCamBlendDuration0" eventType="SkillPerfCamBlendDuration" guid="395c0d54-9283-41f8-bcd4-3aa92ed3d533" enabled="true" useRefParam="false" refParamName="" r="0.000" g="0.000" b="0.000" execOnForceStopped="false" execOnActionCompleted="false" stopAfterLastEvent="true">
      <Event eventName="SkillPerfCamBlendDuration" time="0.000" length="0.500" isDuration="true" guid="817a0268-951e-4aa7-baaa-90910d08d205">
        <bool name="useMainCamera" value="true" refParamName="" useRefParam="false" />
        <TemplateObject name="objectSpaceId" objectName="self" id="0" isTemp="false" refParamName="" useRefParam="false" />
        <TemplateObject name="targetId" objectName="None" id="-1" isTemp="false" refParamName="" useRefParam="false" />
        <String name="skeletonName" value="Bip001 Prop1" refParamName="" useRefParam="false" />
        <Vector3 name="BlendScale" x="0.100" y="0.100" z="0.100" refParamName="" useRefParam="false" />
        <float name="blendDif" value="0.100" refParamName="" useRefParam="false" />
        <float name="recoverDif" value="0.100" refParamName="" useRefParam="false" />
      </Event>
    </Track>
  </Action>
</Project>