﻿<?xml version="1.0" encoding="utf-8"?>
<Project>
  <TemplateObjectList>
    <TemplateObject objectName="self" id="0" isTemp="false" />
    <TemplateObject objectName="target" id="1" isTemp="false" />
    <TemplateObject objectName="bullet" id="2" isTemp="true" />
    <TemplateObject objectName="bullet2" id="3" isTemp="true" />
  </TemplateObjectList>
  <RefParamList>
    <Vector3i name="_BulletDir" x="0" y="0" z="0" refParamName="" useRefParam="false" />
    <Vector3i name="targetdir" x="0" y="0" z="0" refParamName="" useRefParam="false" />
    <Vector3i name="_TargetPos" x="0" y="0" z="0" refParamName="" useRefParam="false" />
  </RefParamList>
  <Action tag="" length="0.800" loop="false">
    <Track trackName="SetBehaviourModeTick0" eventType="SetBehaviourModeTick" guid="884649fb-eee1-4f09-8e8c-136817834eb9" enabled="true" useRefParam="false" refParamName="" r="0.000" g="0.000" b="0.000" execOnForceStopped="false" execOnActionCompleted="false" stopAfterLastEvent="true">
      <Event eventName="SetBehaviourModeTick" time="0.000" isDuration="false" guid="fb71bafb-a411-4cef-b4b7-e9d1238605d1">
        <TemplateObject name="targetId" objectName="self" id="0" isTemp="false" refParamName="" useRefParam="false" />
        <bool name="stopMove" value="true" refParamName="" useRefParam="false" />
        <bool name="clearMove" value="false" refParamName="" useRefParam="false" />
        <bool name="IsClearSkillCache" value="false" refParamName="" useRefParam="false" />
        <Enum name="eAbortLevel" value="0" refParamName="" useRefParam="false">
          <uint name="不打断" />
          <uint name="延迟打断" />
          <uint name="强制打断" />
        </Enum>
        <bool name="stopCurSkill" value="false" refParamName="" useRefParam="false" />
        <bool name="delayStopCurSkill" value="false" refParamName="" useRefParam="false" />
        <bool name="deadControl" value="false" refParamName="" useRefParam="false" />
        <bool name="abortFilterSkill0" value="false" refParamName="" useRefParam="false" />
        <bool name="abortFilterSkill1" value="false" refParamName="" useRefParam="false" />
        <bool name="abortFilterSkill2" value="false" refParamName="" useRefParam="false" />
        <bool name="abortFilterSkill3" value="false" refParamName="" useRefParam="false" />
        <bool name="abortFilterSkill4" value="false" refParamName="" useRefParam="false" />
        <bool name="abortFilterSkill5" value="false" refParamName="" useRefParam="false" />
        <bool name="abortFilterSkill7" value="false" refParamName="" useRefParam="false" />
        <bool name="abortFilterSkill8" value="false" refParamName="" useRefParam="false" />
        <bool name="abortFilterSkill9" value="false" refParamName="" useRefParam="false" />
        <bool name="abortFilterSkill10" value="false" refParamName="" useRefParam="false" />
        <bool name="abortFilterSkill11" value="false" refParamName="" useRefParam="false" />
        <bool name="abortFilterSkill0Delay" value="false" refParamName="" useRefParam="false" />
        <bool name="abortFilterSkill1Delay" value="false" refParamName="" useRefParam="false" />
        <bool name="abortFilterSkill2Delay" value="false" refParamName="" useRefParam="false" />
        <bool name="abortFilterSkill3Delay" value="false" refParamName="" useRefParam="false" />
        <bool name="abortFilterSkill4Delay" value="false" refParamName="" useRefParam="false" />
        <bool name="abortFilterSkill5Delay" value="false" refParamName="" useRefParam="false" />
        <bool name="abortFilterSkill7Delay" value="false" refParamName="" useRefParam="false" />
        <bool name="abortFilterSkill8Delay" value="false" refParamName="" useRefParam="false" />
        <bool name="abortFilterSkill9Delay" value="false" refParamName="" useRefParam="false" />
        <bool name="abortFilterSkill10Delay" value="false" refParamName="" useRefParam="false" />
        <bool name="abortFilterSkill11Delay" value="false" refParamName="" useRefParam="false" />
        <bool name="interuptAutoAttack" value="false" refParamName="" useRefParam="false" />
      </Event>
    </Track>
    <Track trackName="SetAttackDirDuration0" eventType="SetAttackDirDuration" guid="13f98c0c-0c95-4e18-aeb2-1fef43e76e8b" enabled="true" useRefParam="false" refParamName="" r="0.000" g="0.000" b="0.000" execOnForceStopped="false" execOnActionCompleted="false" stopAfterLastEvent="true">
      <Event eventName="SetAttackDirDuration" time="0.000" length="0.066" isDuration="true" guid="83062600-025b-4a04-acc4-6c4371af3b8e">
        <TemplateObject name="attackerId" objectName="self" id="0" isTemp="false" refParamName="" useRefParam="false" />
        <bool name="bForceRotate" value="false" refParamName="" useRefParam="false" />
        <bool name="bImmediateRotate" value="true" refParamName="" useRefParam="false" />
        <bool name="bUseSpecifiedDir" value="false" refParamName="" useRefParam="false" />
        <Vector3i name="specifiedDir" x="0" y="0" z="0" refParamName="" useRefParam="false" />
      </Event>
    </Track>
    <Track trackName="ForbidAbilityDuration0" eventType="ForbidAbilityDuration" guid="70d891be-ca4c-4c49-af6f-53ed54d35f4b" enabled="true" useRefParam="false" refParamName="" r="0.000" g="0.000" b="0.000" execOnForceStopped="false" execOnActionCompleted="false" stopAfterLastEvent="true">
      <Event eventName="ForbidAbilityDuration" time="0.000" length="0.266" isDuration="true" guid="58e5458e-dab4-4062-9bb4-1192934304af">
        <TemplateObject name="attackerId" objectName="self" id="0" isTemp="false" refParamName="" useRefParam="false" />
        <bool name="forbidMove" value="true" refParamName="" useRefParam="false" />
        <bool name="forbidSkill" value="false" refParamName="" useRefParam="false" />
        <bool name="forceForbidding" value="false" refParamName="" useRefParam="false" />
        <bool name="forbidSkillAndHideBtn" value="false" refParamName="" useRefParam="false" />
        <Enum name="forbidSkillType" value="0" refParamName="" useRefParam="false">
          <uint name="程序判断age来源" />
          <uint name="敌方禁用" />
          <uint name="己方禁用" />
          <uint name="施法禁用" />
        </Enum>
        <bool name="forbidFilterSkill0" value="false" refParamName="" useRefParam="false" />
        <bool name="forbidFilterSkill1" value="false" refParamName="" useRefParam="false" />
        <bool name="forbidFilterSkill2" value="false" refParamName="" useRefParam="false" />
        <bool name="forbidFilterSkill3" value="false" refParamName="" useRefParam="false" />
        <bool name="forbidFilterSkill4" value="false" refParamName="" useRefParam="false" />
        <bool name="forbidFilterSkill5" value="false" refParamName="" useRefParam="false" />
        <bool name="forbidFilterSkill6" value="false" refParamName="" useRefParam="false" />
        <bool name="forbidFilterSkill7" value="false" refParamName="" useRefParam="false" />
        <bool name="forbidFilterSkill8" value="false" refParamName="" useRefParam="false" />
        <bool name="forbidFilterSkill9" value="false" refParamName="" useRefParam="false" />
        <bool name="forbidFilterSkill10" value="false" refParamName="" useRefParam="false" />
        <bool name="forbidFilterSkill11" value="false" refParamName="" useRefParam="false" />
        <bool name="forbidFilterSummonerSkill" value="false" refParamName="" useRefParam="false" />
        <bool name="forbidFilterMapSkill" value="false" refParamName="" useRefParam="false" />
        <bool name="forbidFilterEquipActiveSkill" value="false" refParamName="" useRefParam="false" />
        <bool name="forbidFilterActiveSkill" value="false" refParamName="" useRefParam="false" />
        <bool name="forbidSkillAbort" value="true" refParamName="" useRefParam="false" />
        <bool name="abortFilterSkill0" value="false" refParamName="" useRefParam="false" />
        <bool name="abortFilterSkill1" value="false" refParamName="" useRefParam="false" />
        <bool name="abortFilterSkill2" value="false" refParamName="" useRefParam="false" />
        <bool name="abortFilterSkill3" value="false" refParamName="" useRefParam="false" />
        <bool name="abortFilterSkill4" value="false" refParamName="" useRefParam="false" />
        <bool name="abortFilterSkill5" value="false" refParamName="" useRefParam="false" />
        <bool name="abortFilterSkill7" value="false" refParamName="" useRefParam="false" />
        <bool name="abortFilterSkill8" value="false" refParamName="" useRefParam="false" />
        <bool name="abortFilterSkill9" value="false" refParamName="" useRefParam="false" />
        <bool name="abortFilterSkill10" value="false" refParamName="" useRefParam="false" />
        <bool name="abortFilterSkill11" value="false" refParamName="" useRefParam="false" />
        <bool name="abortFilterMove" value="false" refParamName="" useRefParam="false" />
        <bool name="ingoreOnceMoveCmd" value="false" refParamName="" useRefParam="false" />
        <bool name="abortFilterDamage" value="false" refParamName="" useRefParam="false" />
        <bool name="forbidMoveRotate" value="false" refParamName="" useRefParam="false" />
        <Enum name="protectAbortLevel" value="1" refParamName="" useRefParam="false">
          <uint name="不保护" />
          <uint name="保护延迟打断" />
          <uint name="保护强制打断" />
        </Enum>
        <bool name="delaySkillAbort" value="false" refParamName="" useRefParam="false" />
        <bool name="ImmuneNegative" value="false" refParamName="" useRefParam="false" />
        <bool name="ImmuneControl" value="false" refParamName="" useRefParam="false" />
        <bool name="forbidEnergyRecover" value="false" refParamName="" useRefParam="false" />
        <bool name="MoveIgnoreObstructArea" value="false" refParamName="" useRefParam="false" />
        <bool name="forbidCollisionDetection" value="false" refParamName="" useRefParam="false" />
        <bool name="ImmuneSkillSelect" value="false" refParamName="" useRefParam="false" />
        <bool name="bReplaceHPBarImmuneSelect" value="false" refParamName="" useRefParam="false" />
        <bool name="forbidCallBoss" value="false" refParamName="" useRefParam="false" />
        <bool name="forbidExtraBtnSlot1" value="false" refParamName="" useRefParam="false" />
        <bool name="bForceClearSkillIndicator" value="false" refParamName="" useRefParam="false" />
      </Event>
    </Track>
    <Track trackName="SkillInputCacheDuration0" eventType="SkillInputCacheDuration" guid="43618e12-f288-4877-9d44-4cb1ef89f0a2" enabled="true" useRefParam="false" refParamName="" r="0.000" g="0.000" b="0.000" execOnForceStopped="false" execOnActionCompleted="false" stopAfterLastEvent="true">
      <Event eventName="SkillInputCacheDuration" time="0.000" length="0.266" isDuration="true" guid="78bf23c3-c76f-4035-bd88-e232cb498b51">
        <TemplateObject name="targetId" objectName="self" id="0" isTemp="false" refParamName="" useRefParam="false" />
        <bool name="cacheSkill" value="true" refParamName="" useRefParam="false" />
        <bool name="bReturnCacheWhenLeaving" value="false" refParamName="" useRefParam="false" />
        <bool name="forceCacheSkill" value="false" refParamName="" useRefParam="false" />
        <bool name="notForceCacheSkill0" value="false" refParamName="" useRefParam="false" />
        <bool name="notForceCacheSkill1" value="false" refParamName="" useRefParam="false" />
        <bool name="notForceCacheSkill2" value="false" refParamName="" useRefParam="false" />
        <bool name="notForceCacheSkill3" value="false" refParamName="" useRefParam="false" />
        <bool name="notForceCacheSkill4" value="false" refParamName="" useRefParam="false" />
        <bool name="notForceCacheSkill5" value="false" refParamName="" useRefParam="false" />
        <bool name="notForceCacheSkill6" value="false" refParamName="" useRefParam="false" />
        <bool name="notForceCacheSkill7" value="false" refParamName="" useRefParam="false" />
        <bool name="notForceCacheSkill8" value="false" refParamName="" useRefParam="false" />
        <bool name="notForceCacheSkill9" value="false" refParamName="" useRefParam="false" />
        <bool name="notForceCacheSkill10" value="false" refParamName="" useRefParam="false" />
        <bool name="notForceCacheSkill11" value="false" refParamName="" useRefParam="false" />
        <bool name="bCacheSkillReCalcLock" value="true" refParamName="" useRefParam="false" />
        <bool name="cacheMove" value="true" refParamName="" useRefParam="false" />
        <bool name="forceCacheMove" value="false" refParamName="" useRefParam="false" />
        <bool name="checkMoveAbortCurSkill" value="false" refParamName="" useRefParam="false" />
        <bool name="checkNoMove" value="false" refParamName="" useRefParam="false" />
        <String name="OutputCacheMoveDirName" value="" refParamName="" useRefParam="false" />
        <int name="delayFrame" value="0" refParamName="" useRefParam="false" />
        <bool name="clearCacheMoveWhenEntering" value="false" refParamName="" useRefParam="false" />
        <bool name="clearCacheMoveWhenLeaving" value="false" refParamName="" useRefParam="false" />
      </Event>
    </Track>
    <Track trackName="T2skin逻辑" eventType="CheckSkinIdTick" guid="d3ea4a4d-af23-4ced-a5e3-a69cf7c845f8" enabled="true" useRefParam="false" refParamName="" r="0.000" g="0.000" b="0.000" execOnForceStopped="false" execOnActionCompleted="false" stopAfterLastEvent="true">
      <Event eventName="CheckSkinIdTick" time="0.000" isDuration="false" guid="5271ec20-e7c8-4b7a-98a2-590d00f1e6c9">
        <TemplateObject name="targetId" objectName="self" id="0" isTemp="false" refParamName="" useRefParam="false" />
        <int name="skinId" value="13011" refParamName="" useRefParam="false" />
        <bool name="bEqual" value="true" refParamName="" useRefParam="false" />
        <bool name="bSkipLogicCheck" value="false" refParamName="" useRefParam="false" />
      </Event>
    </Track>
    <Track trackName="T2skin美术true" eventType="CheckSkinIdTick" guid="1d2453a9-f234-4489-90f4-dde12f642d17" enabled="true" useRefParam="false" refParamName="" r="0.000" g="0.000" b="0.000" execOnForceStopped="false" execOnActionCompleted="false" stopAfterLastEvent="true">
      <Event eventName="CheckSkinIdTick" time="0.000" isDuration="false" guid="377a00fc-32fb-40fa-882a-6d5af66448c5">
        <TemplateObject name="targetId" objectName="self" id="0" isTemp="false" refParamName="" useRefParam="false" />
        <int name="skinId" value="13011" refParamName="" useRefParam="false" />
        <bool name="bEqual" value="true" refParamName="" useRefParam="false" />
        <bool name="bSkipLogicCheck" value="true" refParamName="" useRefParam="false" />
      </Event>
    </Track>
    <Track trackName="T2skin美术false" eventType="CheckSkinIdTick" guid="79427f69-cb1d-44e2-99eb-9cd238e730fb" enabled="true" useRefParam="false" refParamName="" r="0.000" g="0.000" b="0.000" execOnForceStopped="false" execOnActionCompleted="false" stopAfterLastEvent="true">
      <Event eventName="CheckSkinIdTick" time="0.000" isDuration="false" guid="23e04e35-e86c-44a5-8311-d7e6008d82f4">
        <TemplateObject name="targetId" objectName="self" id="0" isTemp="false" refParamName="" useRefParam="false" />
        <int name="skinId" value="13011" refParamName="" useRefParam="false" />
        <bool name="bEqual" value="false" refParamName="" useRefParam="false" />
        <bool name="bSkipLogicCheck" value="true" refParamName="" useRefParam="false" />
      </Event>
    </Track>
    <Track trackName="大部分皮肤的特效子弹" eventType="SpawnBulletTick" guid="a1b62a02-e558-40bc-9d1f-a4d597bca2ee" enabled="true" useRefParam="false" refParamName="" r="0.000" g="0.000" b="0.000" execOnForceStopped="false" execOnActionCompleted="false" stopAfterLastEvent="true">
      <Condition id="6" guid="79427f69-cb1d-44e2-99eb-9cd238e730fb" status="true" />
      <Event eventName="SpawnBulletTick" time="0.000" isDuration="false" guid="bbac4ebb-5cf7-474e-9325-cbc4d2fc9df7">
        <TemplateObject name="targetId" objectName="self" id="0" isTemp="false" refParamName="" useRefParam="false" />
        <TemplateObject name="targetPosActorId" objectName="None" id="-1" isTemp="true" refParamName="" useRefParam="false" />
        <TemplateObject name="referenceObjectId" objectName="None" id="-1" isTemp="false" refParamName="" useRefParam="false" />
        <bool name="bInheritRefParams" value="false" refParamName="" useRefParam="false" />
        <String name="ActionName" value="prefab_characters/prefab_hero/130_gongbenwuzang/skill/s2b1" refParamName="" useRefParam="false" />
        <String name="SpecialActionName" value="" refParamName="" useRefParam="false" />
        <bool name="bIsUseSpecialActionAsCondi" value="false" refParamName="" useRefParam="false" />
        <bool name="bDeadRemove" value="false" refParamName="" useRefParam="false" />
        <bool name="bImmeExcute" value="true" refParamName="" useRefParam="false" />
        <bool name="bAgeEternal" value="false" refParamName="" useRefParam="false" />
        <int name="bulletTypeId" value="0" refParamName="" useRefParam="false" />
        <int name="bulletUpperLimit" value="0" refParamName="" useRefParam="false" />
        <bool name="bSpawnBounceBullet" value="false" refParamName="" useRefParam="false" />
        <bool name="bUseIndicatorPos" value="false" refParamName="" useRefParam="false" />
        <Enum name="bulletSkillType" value="0" refParamName="" useRefParam="false">
          <uint name="默认类型_0" />
          <uint name="允许特殊打断_1" />
        </Enum>
        <bool name="bAbort" value="false" refParamName="" useRefParam="false" />
        <bool name="bDestroyedBySpecialBullet" value="false" refParamName="" useRefParam="false" />
      </Event>
    </Track>
    <Track trackName="PlayAnimDuration0" eventType="PlayAnimDuration" guid="9d243092-f160-4189-a9da-f132595032c9" enabled="true" useRefParam="false" refParamName="" r="0.000" g="0.000" b="0.000" execOnForceStopped="false" execOnActionCompleted="false" stopAfterLastEvent="true">
      <Condition id="6" guid="79427f69-cb1d-44e2-99eb-9cd238e730fb" status="true" />
      <Event eventName="PlayAnimDuration" time="0.000" length="0.800" isDuration="true" guid="2db6254e-52d5-460b-b0ff-cfaeca134408">
        <TemplateObject name="targetId" objectName="self" id="0" isTemp="false" refParamName="" useRefParam="false" />
        <String name="clipName" value="Spell2" refParamName="" useRefParam="false" />
        <bool name="bDontReplaceSameAnim" value="false" refParamName="" useRefParam="false" />
        <int name="layer" value="1" refParamName="" useRefParam="false" />
        <int name="subLayer" value="0" refParamName="" useRefParam="false" />
        <int name="animatorOverrideLayer" value="-1" refParamName="" useRefParam="false" />
        <bool name="bLoop" value="false" refParamName="" useRefParam="false" />
        <float name="crossFadeTime" value="0.200" refParamName="" useRefParam="false" />
        <bool name="bUseFadeOutTime" value="true" refParamName="" useRefParam="false" />
        <float name="fadeOutTime" value="0.200" refParamName="" useRefParam="false" />
        <float name="startTime" value="0.000" refParamName="" useRefParam="false" />
        <float name="endTime" value="99999.000" refParamName="" useRefParam="false" />
        <bool name="applyActionSpeed" value="true" refParamName="" useRefParam="false" />
        <bool name="alwaysAnimate" value="false" refParamName="" useRefParam="false" />
        <bool name="bKeepOldSpeed" value="false" refParamName="" useRefParam="false" />
        <bool name="bCanNotBeCulled" value="false" refParamName="" useRefParam="false" />
        <String name="beginClipName" value="" refParamName="" useRefParam="false" />
        <bool name="bPlayBeginClipName" value="false" refParamName="" useRefParam="false" />
        <String name="endClipName" value="" refParamName="" useRefParam="false" />
        <bool name="bPlayEndClipName" value="false" refParamName="" useRefParam="false" />
        <bool name="bForcePlay" value="false" refParamName="" useRefParam="false" />
        <float name="animSpeedRate" value="1.000" refParamName="" useRefParam="false" />
      </Event>
    </Track>
    <Track trackName="特效bullet" eventType="SpawnBulletTick" guid="d3637d15-da3e-41fb-9946-e46a1e630bf3" enabled="true" useRefParam="false" refParamName="" r="0.000" g="0.000" b="0.000" execOnForceStopped="false" execOnActionCompleted="false" stopAfterLastEvent="true">
      <Condition id="4" guid="d3ea4a4d-af23-4ced-a5e3-a69cf7c845f8" status="true" />
      <Event eventName="SpawnBulletTick" time="0.000" isDuration="false" guid="b7e781e7-5a18-467c-9771-55ee170fc62d">
        <TemplateObject name="targetId" objectName="self" id="0" isTemp="false" refParamName="" useRefParam="false" />
        <TemplateObject name="targetPosActorId" objectName="None" id="-1" isTemp="true" refParamName="" useRefParam="false" />
        <TemplateObject name="referenceObjectId" objectName="None" id="-1" isTemp="false" refParamName="" useRefParam="false" />
        <bool name="bInheritRefParams" value="false" refParamName="" useRefParam="false" />
        <String name="ActionName" value="prefab_characters/prefab_hero/130_gongbenwuzang/skill/s2b1_13011" refParamName="" useRefParam="false" />
        <String name="SpecialActionName" value="" refParamName="" useRefParam="false" />
        <bool name="bIsUseSpecialActionAsCondi" value="false" refParamName="" useRefParam="false" />
        <bool name="bDeadRemove" value="false" refParamName="" useRefParam="false" />
        <bool name="bImmeExcute" value="true" refParamName="" useRefParam="false" />
        <bool name="bAgeEternal" value="false" refParamName="" useRefParam="false" />
        <int name="bulletTypeId" value="0" refParamName="" useRefParam="false" />
        <int name="bulletUpperLimit" value="0" refParamName="" useRefParam="false" />
        <bool name="bSpawnBounceBullet" value="false" refParamName="" useRefParam="false" />
        <bool name="bUseIndicatorPos" value="false" refParamName="" useRefParam="false" />
        <Enum name="bulletSkillType" value="0" refParamName="" useRefParam="false">
          <uint name="默认类型_0" />
          <uint name="允许特殊打断_1" />
        </Enum>
        <bool name="bAbort" value="false" refParamName="" useRefParam="false" />
        <bool name="bDestroyedBySpecialBullet" value="false" refParamName="" useRefParam="false" />
      </Event>
    </Track>
    <Track trackName="13011_22" eventType="PlayAnimDuration" guid="346663c5-53c1-4f57-9196-8ea5aec7bafb" enabled="true" useRefParam="false" refParamName="" r="0.000" g="0.000" b="0.000" execOnForceStopped="false" execOnActionCompleted="false" stopAfterLastEvent="true">
      <Condition id="5" guid="1d2453a9-f234-4489-90f4-dde12f642d17" status="true" />
      <Event eventName="PlayAnimDuration" time="0.000" length="0.800" isDuration="true" guid="c4837719-f49b-4c06-ae21-31cdebe3406e">
        <TemplateObject name="targetId" objectName="self" id="0" isTemp="false" refParamName="" useRefParam="false" />
        <String name="clipName" value="Spell2_1" refParamName="" useRefParam="false" />
        <bool name="bDontReplaceSameAnim" value="false" refParamName="" useRefParam="false" />
        <int name="layer" value="1" refParamName="" useRefParam="false" />
        <int name="subLayer" value="0" refParamName="" useRefParam="false" />
        <int name="animatorOverrideLayer" value="-1" refParamName="" useRefParam="false" />
        <bool name="bLoop" value="false" refParamName="" useRefParam="false" />
        <float name="crossFadeTime" value="0.200" refParamName="" useRefParam="false" />
        <bool name="bUseFadeOutTime" value="true" refParamName="" useRefParam="false" />
        <float name="fadeOutTime" value="0.200" refParamName="" useRefParam="false" />
        <float name="startTime" value="0.000" refParamName="" useRefParam="false" />
        <float name="endTime" value="99999.000" refParamName="" useRefParam="false" />
        <bool name="applyActionSpeed" value="true" refParamName="" useRefParam="false" />
        <bool name="alwaysAnimate" value="false" refParamName="" useRefParam="false" />
        <bool name="bKeepOldSpeed" value="false" refParamName="" useRefParam="false" />
        <bool name="bCanNotBeCulled" value="false" refParamName="" useRefParam="false" />
        <String name="beginClipName" value="" refParamName="" useRefParam="false" />
        <bool name="bPlayBeginClipName" value="false" refParamName="" useRefParam="false" />
        <String name="endClipName" value="" refParamName="" useRefParam="false" />
        <bool name="bPlayEndClipName" value="false" refParamName="" useRefParam="false" />
        <bool name="bForcePlay" value="false" refParamName="" useRefParam="false" />
        <float name="animSpeedRate" value="1.000" refParamName="" useRefParam="false" />
      </Event>
    </Track>
    <Track trackName="ChangeSpringDuration5" eventType="ChangeSpringDuration" guid="fc54f26a-3264-4759-b526-2609b8aa6fc0" enabled="true" useRefParam="false" refParamName="" r="0.000" g="0.000" b="0.000" execOnForceStopped="false" execOnActionCompleted="false" stopAfterLastEvent="true">
      <Condition id="5" guid="1d2453a9-f234-4489-90f4-dde12f642d17" status="true" />
      <Event eventName="ChangeSpringDuration" time="0.000" length="0.800" isDuration="true" guid="24b800ec-a02d-485a-973c-48b15ee09ebe">
        <TemplateObject name="targetId" objectName="self" id="0" isTemp="false" refParamName="" useRefParam="false" />
        <String name="SpringKeyWord" value="Weapon" refParamName="" useRefParam="false" />
        <float name="PositionSpringConstant" value="2000.000" refParamName="" useRefParam="false" />
        <float name="RotationSpringConstant" value="500.000" refParamName="" useRefParam="false" />
        <float name="EndPositionSpringConstant" value="10.000" refParamName="" useRefParam="false" />
        <float name="EndRotationSpringConstant" value="5.000" refParamName="" useRefParam="false" />
      </Event>
    </Track>
    <Track trackName="检查印记&gt;0" eventType="CheckSkillCombineConditionTick" guid="473eea69-53f4-4bfc-b5b6-708b6b522606" enabled="true" useRefParam="false" refParamName="" r="0.000" g="0.000" b="0.000" execOnForceStopped="false" execOnActionCompleted="false" stopAfterLastEvent="true">
      <Event eventName="CheckSkillCombineConditionTick" time="0.000" isDuration="false" guid="5bb47fea-6eec-4fb5-88a3-4af04e68708c">
        <TemplateObject name="targetId" objectName="self" id="0" isTemp="false" refParamName="" useRefParam="false" />
        <bool name="bCurrentBuffId" value="false" refParamName="" useRefParam="false" />
        <int name="skillCombineId" value="13000" refParamName="" useRefParam="false" />
        <Enum name="checkOPType" value="4" refParamName="" useRefParam="false">
          <uint name="不比较" />
          <uint name="小于" />
          <uint name="小等于" />
          <uint name="等于" />
          <uint name="大于" />
          <uint name="大等于" />
        </Enum>
        <int name="skillCombineLevel" value="0" refParamName="" useRefParam="false" />
        <TemplateObject name="skillCombineSrcId" objectName="None" id="-1" isTemp="false" refParamName="" useRefParam="false" />
        <bool name="bCheckSkillMark" value="true" refParamName="" useRefParam="false" />
      </Event>
    </Track>
    <Track trackName="SkillCDTriggerTick0" eventType="SkillCDTriggerTick" guid="6aa5c0f6-8c1a-448c-98bb-50102be59cd9" enabled="true" useRefParam="false" refParamName="" r="0.000" g="0.000" b="0.000" execOnForceStopped="false" execOnActionCompleted="false" stopAfterLastEvent="true">
      <Condition id="12" guid="473eea69-53f4-4bfc-b5b6-708b6b522606" status="false" />
      <Event eventName="SkillCDTriggerTick" time="0.000" isDuration="false" guid="1f869348-da2e-481b-becf-30a16683ad9b">
        <TemplateObject name="targetId" objectName="self" id="0" isTemp="false" refParamName="" useRefParam="false" />
        <bool name="useSlotType" value="false" refParamName="" useRefParam="false" />
        <Enum name="slotType" value="2" refParamName="" useRefParam="false">
          <uint name="普通" />
          <uint name="技能1" />
          <uint name="技能2" />
          <uint name="技能3" />
          <uint name="技能4" />
          <uint name="技能5" />
          <uint name="技能6" />
          <uint name="技能7" />
          <uint name="技能8" />
          <uint name="技能9" />
        </Enum>
        <bool name="forbidTriggerRepeatedly" value="false" refParamName="" useRefParam="false" />
        <int name="overrideCDValue" value="0" refParamName="" useRefParam="false" />
        <int name="triggerRatio" value="0" refParamName="" useRefParam="false" />
      </Event>
    </Track>
    <Track trackName="切换成13021" eventType="ChangeSkillTriggerTick" guid="a1ba4e09-4c6b-45b3-b964-9de5e776a1f0" enabled="true" useRefParam="false" refParamName="" r="0.000" g="0.000" b="0.000" execOnForceStopped="false" execOnActionCompleted="false" stopAfterLastEvent="true">
      <Condition id="12" guid="473eea69-53f4-4bfc-b5b6-708b6b522606" status="true" />
      <Event eventName="ChangeSkillTriggerTick" time="0.000" isDuration="false" guid="e0432658-ddfe-4fb0-bdd8-b5592653532f">
        <TemplateObject name="targetId" objectName="self" id="0" isTemp="false" refParamName="" useRefParam="false" />
        <bool name="bCurrentSkill" value="false" refParamName="" useRefParam="false" />
        <Enum name="slotType" value="2" refParamName="" useRefParam="false">
          <uint name="普攻" />
          <uint name="技能1" />
          <uint name="技能2" />
          <uint name="技能3" />
          <uint name="空" />
          <uint name="天赋技能" />
          <uint name="回城" />
          <uint name="魔纹技能" />
          <uint name="召唤Boss槽位" />
          <uint name="装备主动技能" />
          <uint name="特殊技能附属技能" />
          <uint name="特殊技能" />
        </Enum>
        <int name="effectTime" value="10000" refParamName="" useRefParam="false" />
        <int name="recoverSkillID" value="13020" refParamName="" useRefParam="false" />
        <bool name="bCheckCondition" value="false" refParamName="" useRefParam="false" />
        <bool name="bOvertimeCD" value="false" refParamName="" useRefParam="false" />
        <bool name="bSendEvent" value="true" refParamName="" useRefParam="false" />
        <bool name="bUseCombo" value="false" refParamName="" useRefParam="false" />
        <bool name="bAbort" value="false" refParamName="" useRefParam="false" />
        <bool name="bUseStop" value="true" refParamName="" useRefParam="false" />
        <TemplateObject name="attackTargetId" objectName="None" id="-1" isTemp="false" refParamName="" useRefParam="false" />
        <bool name="bUseSkillLevel" value="false" refParamName="" useRefParam="false" />
        <int name="changeSkillID" value="13021" refParamName="" useRefParam="false" />
        <int name="changeSkillID2" value="0" refParamName="" useRefParam="false" />
        <int name="changeSkillID3" value="0" refParamName="" useRefParam="false" />
        <int name="changeSkillID4" value="0" refParamName="" useRefParam="false" />
        <int name="changeSkillID1Probability" value="100" refParamName="" useRefParam="false" />
        <int name="changeSkillID2Probability" value="100" refParamName="" useRefParam="false" />
        <int name="changeSkillID3Probability" value="100" refParamName="" useRefParam="false" />
        <int name="changeSkillID4Probability" value="100" refParamName="" useRefParam="false" />
        <bool name="unIntiSkillSlotIfSkillIDNULL" value="false" refParamName="" useRefParam="false" />
        <Enum name="refSkillSlot" value="1" refParamName="" useRefParam="false">
          <uint name="普攻" />
          <uint name="技能1" />
          <uint name="技能2" />
          <uint name="技能3" />
          <uint name="技能4" />
          <uint name="天赋技能" />
          <uint name="回城" />
          <uint name="饰品栏技能" />
          <uint name="" />
          <uint name="" />
          <uint name="" />
        </Enum>
        <int name="level0Id" value="0" refParamName="" useRefParam="false" />
        <int name="level1Id" value="0" refParamName="" useRefParam="false" />
        <int name="level2Id" value="0" refParamName="" useRefParam="false" />
        <int name="level3Id" value="0" refParamName="" useRefParam="false" />
        <int name="level4Id" value="0" refParamName="" useRefParam="false" />
        <int name="level5Id" value="0" refParamName="" useRefParam="false" />
        <int name="level6Id" value="0" refParamName="" useRefParam="false" />
        <bool name="bOtherSkillAbort" value="false" refParamName="" useRefParam="false" />
      </Event>
    </Track>
    <Track trackName="切换成13020" eventType="ChangeSkillTriggerTick" guid="652c47e8-cdf2-4854-9184-9e586b7ff834" enabled="true" useRefParam="false" refParamName="" r="0.000" g="0.000" b="0.000" execOnForceStopped="false" execOnActionCompleted="false" stopAfterLastEvent="true">
      <Condition id="12" guid="473eea69-53f4-4bfc-b5b6-708b6b522606" status="false" />
      <Event eventName="ChangeSkillTriggerTick" time="0.000" isDuration="false" guid="777b42f0-7967-4dd0-9886-339f4120cea9">
        <TemplateObject name="targetId" objectName="self" id="0" isTemp="false" refParamName="" useRefParam="false" />
        <bool name="bCurrentSkill" value="false" refParamName="" useRefParam="false" />
        <Enum name="slotType" value="2" refParamName="" useRefParam="false">
          <uint name="普攻" />
          <uint name="技能1" />
          <uint name="技能2" />
          <uint name="技能3" />
          <uint name="空" />
          <uint name="天赋技能" />
          <uint name="回城" />
          <uint name="魔纹技能" />
          <uint name="召唤Boss槽位" />
          <uint name="装备主动技能" />
          <uint name="特殊技能附属技能" />
          <uint name="特殊技能" />
        </Enum>
        <int name="effectTime" value="0" refParamName="" useRefParam="false" />
        <int name="recoverSkillID" value="13020" refParamName="" useRefParam="false" />
        <bool name="bCheckCondition" value="false" refParamName="" useRefParam="false" />
        <bool name="bOvertimeCD" value="false" refParamName="" useRefParam="false" />
        <bool name="bSendEvent" value="true" refParamName="" useRefParam="false" />
        <bool name="bUseCombo" value="false" refParamName="" useRefParam="false" />
        <bool name="bAbort" value="false" refParamName="" useRefParam="false" />
        <bool name="bUseStop" value="true" refParamName="" useRefParam="false" />
        <TemplateObject name="attackTargetId" objectName="None" id="-1" isTemp="false" refParamName="" useRefParam="false" />
        <bool name="bUseSkillLevel" value="false" refParamName="" useRefParam="false" />
        <int name="changeSkillID" value="13020" refParamName="" useRefParam="false" />
        <int name="changeSkillID2" value="0" refParamName="" useRefParam="false" />
        <int name="changeSkillID3" value="0" refParamName="" useRefParam="false" />
        <int name="changeSkillID4" value="0" refParamName="" useRefParam="false" />
        <int name="changeSkillID1Probability" value="100" refParamName="" useRefParam="false" />
        <int name="changeSkillID2Probability" value="100" refParamName="" useRefParam="false" />
        <int name="changeSkillID3Probability" value="100" refParamName="" useRefParam="false" />
        <int name="changeSkillID4Probability" value="100" refParamName="" useRefParam="false" />
        <bool name="unIntiSkillSlotIfSkillIDNULL" value="false" refParamName="" useRefParam="false" />
        <Enum name="refSkillSlot" value="1" refParamName="" useRefParam="false">
          <uint name="普攻" />
          <uint name="技能1" />
          <uint name="技能2" />
          <uint name="技能3" />
          <uint name="技能4" />
          <uint name="天赋技能" />
          <uint name="回城" />
          <uint name="饰品栏技能" />
          <uint name="" />
          <uint name="" />
          <uint name="" />
        </Enum>
        <int name="level0Id" value="0" refParamName="" useRefParam="false" />
        <int name="level1Id" value="0" refParamName="" useRefParam="false" />
        <int name="level2Id" value="0" refParamName="" useRefParam="false" />
        <int name="level3Id" value="0" refParamName="" useRefParam="false" />
        <int name="level4Id" value="0" refParamName="" useRefParam="false" />
        <int name="level5Id" value="0" refParamName="" useRefParam="false" />
        <int name="level6Id" value="0" refParamName="" useRefParam="false" />
        <bool name="bOtherSkillAbort" value="false" refParamName="" useRefParam="false" />
      </Event>
    </Track>
    <Track trackName="SkillUseCacheTick0" eventType="SkillUseCacheTick" guid="53c33571-7838-484f-9f06-7b93d4bc28e0" enabled="true" useRefParam="false" refParamName="" r="0.000" g="0.000" b="0.000" execOnForceStopped="false" execOnActionCompleted="false" stopAfterLastEvent="true">
      <Event eventName="SkillUseCacheTick" time="0.266" isDuration="false" guid="a34edc0a-3cc5-483b-9e01-e1fe76f948eb">
        <TemplateObject name="targetId" objectName="self" id="0" isTemp="false" refParamName="" useRefParam="false" />
        <bool name="excuteMoveCmd" value="true" refParamName="" useRefParam="false" />
        <bool name="immediaRotate" value="false" refParamName="" useRefParam="false" />
      </Event>
    </Track>
    <Track trackName="SpawnObjectDuration0" eventType="SpawnObjectDuration" guid="e8a22af8-4078-4313-893b-f729c0f328ed" enabled="false" useRefParam="false" refParamName="" r="0.000" g="0.000" b="0.000" execOnForceStopped="false" execOnActionCompleted="false" stopAfterLastEvent="true">
      <Event eventName="SpawnObjectDuration" time="0.000" length="0.266" isDuration="true" guid="1da80a84-cf8a-41e5-90e5-fe0e8f8ff23a">
        <TemplateObject name="targetId" objectName="bullet" id="2" isTemp="true" refParamName="" useRefParam="false" />
        <TemplateObject name="parentId" objectName="self" id="0" isTemp="false" refParamName="" useRefParam="false" />
        <TemplateObject name="objectSpaceId" objectName="self" id="0" isTemp="false" refParamName="" useRefParam="false" />
        <uint name="RefLiteBulletID" value="0" refParamName="" useRefParam="false" />
        <bool name="bTargetPosition" value="false" refParamName="" useRefParam="false" />
        <Vector3i name="targetPosition" x="0" y="0" z="0" refParamName="" useRefParam="false" />
        <String name="prefabName" value="prefab_characters/commonempty" refParamName="" useRefParam="false" />
        <bool name="bMoveCollision" value="false" refParamName="" useRefParam="false" />
        <bool name="recreateExisting" value="true" refParamName="" useRefParam="false" />
        <bool name="superTranslation" value="false" refParamName="" useRefParam="false" />
        <bool name="modifyTranslation" value="true" refParamName="" useRefParam="false" />
        <Vector3i name="translation" x="0" y="0" z="0" refParamName="" useRefParam="false" />
        <bool name="bHeroEffect" value="false" refParamName="" useRefParam="false" />
        <bool name="bUseIndicatorDir" value="false" refParamName="" useRefParam="false" />
        <bool name="modifyDirection" value="true" refParamName="" useRefParam="false" />
        <Enum name="modifyDirUsage" value="0" refParamName="" useRefParam="false">
          <uint name="当[参考对象]有值时不使用" />
          <uint name="作为本物体朝向" />
          <uint name="本物体朝向它" />
          <uint name="作为旋转" />
          <uint name="使用[参考对象]距离朝向" />
          <uint name="" />
          <uint name="" />
        </Enum>
        <Vector3i name="direction" x="0" y="0" z="0" refParamName="" useRefParam="false" />
        <bool name="bRotation" value="false" refParamName="" useRefParam="false" />
        <int name="yRotation" value="0" refParamName="" useRefParam="false" />
        <bool name="bUseRecordPos" value="false" refParamName="" useRefParam="false" />
        <bool name="bUseRecordDir" value="false" refParamName="" useRefParam="false" />
        <bool name="bChangeMaterialWithParent" value="false" refParamName="" useRefParam="false" />
        <TemplateObject name="materialParentActorId" objectName="self" id="0" isTemp="false" refParamName="" useRefParam="false" />
        <bool name="modifyScaling" value="false" refParamName="" useRefParam="false" />
        <Vector3 name="scaling" x="1.000" y="1.000" z="1.000" refParamName="" useRefParam="false" />
        <bool name="enableLayer" value="false" refParamName="" useRefParam="false" />
        <int name="layer" value="0" refParamName="" useRefParam="false" />
        <bool name="enableTag" value="false" refParamName="" useRefParam="false" />
        <String name="tag" value="" refParamName="" useRefParam="false" />
        <bool name="applyActionSpeedToAnimation" value="true" refParamName="" useRefParam="false" />
        <bool name="applyActionSpeedToParticle" value="true" refParamName="" useRefParam="false" />
        <bool name="bUseSkinAdvance" value="false" refParamName="" useRefParam="false" />
        <bool name="bSameVisibleAsAttacker" value="false" refParamName="" useRefParam="false" />
        <bool name="bVisibleByFow" value="true" refParamName="" useRefParam="false" />
        <int name="sightRadius" value="0" refParamName="" useRefParam="false" />
        <TemplateObject name="visionActorId" objectName="self" id="0" isTemp="false" refParamName="" useRefParam="false" />
        <bool name="bRefreshVision" value="false" refParamName="" useRefParam="false" />
        <bool name="bInvisibleBullet" value="false" refParamName="" useRefParam="false" />
        <bool name="bForbidBulletInObstacle" value="false" refParamName="" useRefParam="false" />
        <bool name="bForbidTargetOutOfNavmeshConvexHull" value="false" refParamName="" useRefParam="false" />
        <bool name="bLayOnNavMesh" value="false" refParamName="" useRefParam="false" />
        <bool name="bRealTimeSight" value="false" refParamName="" useRefParam="false" />
        <int name="bExtraSightRadius" value="0" refParamName="" useRefParam="false" />
        <bool name="bOpenSight" value="false" refParamName="" useRefParam="false" />
        <bool name="bEnableAnimation" value="false" refParamName="" useRefParam="false" />
        <bool name="bBlockObj" value="false" refParamName="" useRefParam="false" />
        <bool name="bUseSkin" value="false" refParamName="" useRefParam="false" />
        <bool name="bRecordObjPosition" value="false" refParamName="" useRefParam="false" />
        <TemplateObject name="recordTargeID" objectName="None" id="-1" isTemp="false" refParamName="" useRefParam="false" />
        <bool name="bOnlyFollowPos" value="false" refParamName="" useRefParam="false" />
        <bool name="bEnableShadow" value="false" refParamName="" useRefParam="false" />
        <TrackObject name="trackId" id="-1" guid="" refParamName="" useRefParam="false" />
      </Event>
    </Track>
    <Track trackName="SetCollisionTick9" eventType="SetCollisionTick" guid="34dc8392-10f2-486b-b9bc-1044254fb6fb" enabled="false" useRefParam="false" refParamName="" r="0.000" g="0.000" b="0.000" execOnForceStopped="false" execOnActionCompleted="false" stopAfterLastEvent="true">
      <Event eventName="SetCollisionTick" time="0.000" isDuration="false" guid="0a297109-a1b3-4a89-9d28-e4e1f2e750b0">
        <TemplateObject name="targetId" objectName="bullet" id="2" isTemp="true" refParamName="" useRefParam="false" />
        <Enum name="type" value="0" refParamName="" useRefParam="false">
          <uint name="BOX" />
          <uint name="SPHERE" />
          <uint name="CYLINDERSECTOR" />
          <uint name="CIRQUE" />
          <uint name="三角柱" />
        </Enum>
        <bool name="bIsBlockMonsterType" value="false" refParamName="" useRefParam="false" />
        <bool name="bIsBlockSoliderLine" value="false" refParamName="" useRefParam="false" />
        <bool name="bIsBlockJungleMonster" value="false" refParamName="" useRefParam="false" />
        <bool name="bIsBlockSoliderType" value="false" refParamName="" useRefParam="false" />
        <bool name="bIsBlockPet" value="false" refParamName="" useRefParam="false" />
        <Enum name="blockCampType" value="0" refParamName="" useRefParam="false">
          <uint name="阻挡敌对阵营" />
          <uint name="阻挡自己阵营" />
          <uint name="阻挡所有阵营" />
        </Enum>
        <bool name="bVaildBlockForSelfTeamHero" value="false" refParamName="" useRefParam="false" />
        <bool name="bVaildBlockForEnemyTeamHero" value="false" refParamName="" useRefParam="false" />
        <Vector3i name="Pos" x="0" y="0" z="0" refParamName="" useRefParam="false" />
        <Vector3i name="Size" x="2000" y="10000" z="2000" refParamName="" useRefParam="false" />
        <TemplateObject name="BoxStartPosObj" objectName="None" id="-1" isTemp="false" refParamName="" useRefParam="false" />
        <TemplateObject name="BoxEndPosObj" objectName="None" id="-1" isTemp="false" refParamName="" useRefParam="false" />
        <Array name="PosList" refParamName="" useRefParam="false" type="Vector3i" />
        <int name="Radius" value="2000" refParamName="" useRefParam="false" />
        <int name="RadiusGrowthValue" value="0" refParamName="" useRefParam="false" />
        <int name="SectorRadius" value="1000" refParamName="" useRefParam="false" />
        <int name="SectorExternalRadiusGrowthValue" value="0" refParamName="" useRefParam="false" />
        <int name="SectorInnerRadius" value="0" refParamName="" useRefParam="false" />
        <int name="SectorInnerRadiusGrowthValue" value="0" refParamName="" useRefParam="false" />
        <int name="Height" value="500" refParamName="" useRefParam="false" />
        <int name="Degree" value="160" refParamName="" useRefParam="false" />
        <int name="Rotation" value="160" refParamName="" useRefParam="false" />
        <int name="ExternalRadius" value="0" refParamName="" useRefParam="false" />
        <int name="ExternalRadiusGrowthValue" value="0" refParamName="" useRefParam="false" />
        <int name="InnerRadius" value="0" refParamName="" useRefParam="false" />
        <int name="InnerRadiusGrowthValue" value="0" refParamName="" useRefParam="false" />
        <bool name="bCheckCollisionY" value="false" refParamName="" useRefParam="false" />
        <Vector3i name="CollisionScaler" x="0" y="0" z="0" refParamName="" useRefParam="false" />
      </Event>
    </Track>
    <Track trackName="HitTriggerDuration0" eventType="HitTriggerDuration" guid="5ce20114-f618-4f9b-be46-1c4df3941d15" enabled="false" useRefParam="false" refParamName="" r="0.000" g="0.000" b="0.000" execOnForceStopped="false" execOnActionCompleted="false" stopAfterLastEvent="true">
      <Event eventName="HitTriggerDuration" time="0.000" length="0.266" isDuration="true" guid="81accf6e-968f-4b33-ae96-2740ce822e96">
        <TemplateObject name="triggerId" objectName="bullet" id="2" isTemp="true" refParamName="" useRefParam="false" />
        <TemplateObject name="attackerId" objectName="self" id="0" isTemp="false" refParamName="" useRefParam="false" />
        <bool name="bInheritRefParams" value="false" refParamName="" useRefParam="false" />
        <int name="triggerInterval" value="30" refParamName="" useRefParam="false" />
        <int name="TriggerActorInterval" value="1000" refParamName="" useRefParam="false" />
        <bool name="bFilterEnemy" value="false" refParamName="" useRefParam="false" />
        <bool name="bFilterFriend" value="true" refParamName="" useRefParam="false" />
        <bool name="bFilterCamp" value="false" refParamName="" useRefParam="false" />
        <int name="filterCamp" value="0" refParamName="" useRefParam="false" />
        <bool name="bFilterHero" value="false" refParamName="" useRefParam="false" />
        <bool name="bFileterMonter" value="false" refParamName="" useRefParam="false" />
        <bool name="bFileterOrgan" value="true" refParamName="" useRefParam="false" />
        <bool name="bFilterEye" value="true" refParamName="" useRefParam="false" />
        <bool name="bFilterChest" value="true" refParamName="" useRefParam="false" />
        <bool name="bFilterMyself" value="true" refParamName="" useRefParam="false" />
        <bool name="bFilterDead" value="true" refParamName="" useRefParam="false" />
        <bool name="bFilterHeroPet" value="false" refParamName="" useRefParam="false" />
        <bool name="bFilterDeadControlHero" value="true" refParamName="" useRefParam="false" />
        <bool name="bFilterCurrentTarget" value="false" refParamName="" useRefParam="false" />
        <bool name="bFilterMoveDirection" value="false" refParamName="" useRefParam="false" />
        <int name="Angle" value="-1" refParamName="" useRefParam="false" />
        <bool name="bOnlyOneKillActor" value="false" refParamName="" useRefParam="false" />
        <bool name="bOnlyBigMonster" value="false" refParamName="" useRefParam="false" />
        <bool name="bOnlyMe" value="false" refParamName="" useRefParam="false" />
        <bool name="bOnlyBullet" value="false" refParamName="" useRefParam="false" />
        <TemplateObject name="bulletID" objectName="None" id="-1" isTemp="false" refParamName="" useRefParam="false" />
        <bool name="bFilterCantAttack" value="false" refParamName="" useRefParam="false" />
        <bool name="bFilterSpecialType1" value="true" refParamName="" useRefParam="false" />
        <bool name="bFilterSpecialType2" value="true" refParamName="" useRefParam="false" />
        <bool name="bOnlyBeControledActor" value="false" refParamName="" useRefParam="false" />
        <bool name="bOnlyPet" value="false" refParamName="" useRefParam="false" />
        <bool name="bOnlyAttackerPet" value="false" refParamName="" useRefParam="false" />
        <bool name="bOnlyDeadOrgan" value="false" refParamName="" useRefParam="false" />
        <bool name="bFilterCanntAttackOrgan" value="true" refParamName="" useRefParam="false" />
        <int name="TriggerActorCount" value="32" refParamName="" useRefParam="false" />
        <Enum name="SelectMode" value="0" refParamName="" useRefParam="false">
          <uint name="随机选择" />
          <uint name="血量选择" />
          <uint name="按眼的规则选择" />
          <uint name="距离优先" />
          <uint name="Ad+Ap最大选择" />
          <uint name="优先被控制单位" />
          <uint name="距离最大优先" />
        </Enum>
        <bool name="bIsUnifiedListSelect" value="false" refParamName="" useRefParam="false" />
        <int name="CollideMaxCount" value="1" refParamName="" useRefParam="false" />
        <int name="MaxTriggerCount" value="-1" refParamName="" useRefParam="false" />
        <int name="MaxSelfBuffCount" value="-1" refParamName="" useRefParam="false" />
        <int name="MaxTargetBuffCount" value="-1" refParamName="" useRefParam="false" />
        <bool name="bTotalHitCount" value="false" refParamName="" useRefParam="false" />
        <bool name="bEdgeCheck" value="false" refParamName="" useRefParam="false" />
        <bool name="bExtraBuff" value="false" refParamName="" useRefParam="false" />
        <int name="SelfSkillCombineID_1" value="0" refParamName="" useRefParam="false" />
        <int name="SelfSkillCombineID_2" value="0" refParamName="" useRefParam="false" />
        <int name="SelfSkillCombineID_3" value="0" refParamName="" useRefParam="false" />
        <int name="TargetSkillCombine_1" value="130200" refParamName="" useRefParam="false" />
        <bool name="TargetSkillLeaveRemove_1" value="false" refParamName="" useRefParam="false" />
        <int name="TargetSkillCombine_2" value="0" refParamName="" useRefParam="false" />
        <bool name="TargetSkillLeaveRemove_2" value="false" refParamName="" useRefParam="false" />
        <int name="TargetSkillCombine_3" value="0" refParamName="" useRefParam="false" />
        <bool name="TargetSkillLeaveRemove_3" value="false" refParamName="" useRefParam="false" />
        <bool name="bTriggerBullet" value="false" refParamName="" useRefParam="false" />
        <String name="BulletActionName" value="" refParamName="" useRefParam="false" />
        <bool name="bAgeImmeExcute" value="false" refParamName="" useRefParam="false" />
        <bool name="bUseTriggerObj" value="true" refParamName="" useRefParam="false" />
        <bool name="bForceUseTriggerObj" value="false" refParamName="" useRefParam="false" />
        <bool name="bCheckSight" value="false" refParamName="" useRefParam="false" />
        <bool name="bTriggerMode" value="false" refParamName="" useRefParam="false" />
        <bool name="bTriggerBounceBullet" value="false" refParamName="" useRefParam="false" />
        <bool name="bCheckSkillLevel" value="false" refParamName="" useRefParam="false" />
        <Enum name="refSkillSlot" value="1" refParamName="" useRefParam="false">
          <uint name="普攻" />
          <uint name="技能1" />
          <uint name="技能2" />
          <uint name="技能3" />
          <uint name="技能4" />
          <uint name="天赋技能" />
          <uint name="回城" />
          <uint name="饰品栏技能" />
          <uint name="" />
          <uint name="" />
          <uint name="" />
        </Enum>
        <int name="refSkillLevel" value="0" refParamName="" useRefParam="false" />
        <Enum name="compareOPType" value="3" refParamName="" useRefParam="false">
          <uint name="不比较" />
          <uint name="小于" />
          <uint name="小等于" />
          <uint name="等于" />
          <uint name="大于" />
          <uint name="大等于" />
          <uint name="" />
          <uint name="" />
          <uint name="" />
        </Enum>
        <bool name="bFilterMajorMonster" value="false" refParamName="" useRefParam="false" />
        <bool name="bFilterMinorMonster" value="false" refParamName="" useRefParam="false" />
        <bool name="bFilterSoldier" value="false" refParamName="" useRefParam="false" />
        <bool name="bFilterOtherMonster" value="false" refParamName="" useRefParam="false" />
        <bool name="bAddEffectCount" value="true" refParamName="" useRefParam="false" />
        <bool name="bOverrideParam" value="false" refParamName="" useRefParam="false" />
        <int name="buffOverrideParam1" value="0" refParamName="" useRefParam="false" />
        <int name="buffOverrideParam2" value="0" refParamName="" useRefParam="false" />
        <int name="buffOverrideParam3" value="0" refParamName="" useRefParam="false" />
        <int name="buffOverrideParam4" value="0" refParamName="" useRefParam="false" />
        <int name="buffOverrideParam5" value="0" refParamName="" useRefParam="false" />
        <Array name="filterObjList" refParamName="" useRefParam="false" type="TemplateObject" />
        <bool name="bFliterTargetObj" value="false" refParamName="" useRefParam="false" />
        <Enum name="skillHitTag" value="0" refParamName="" useRefParam="false">
          <uint name="无" />
          <uint name="卡莉计数" />
        </Enum>
      </Event>
    </Track>
    <Track trackName="MoveActorDuration0" eventType="MoveActorDuration" guid="b44754f8-6dec-4a4c-9162-b0b977af8340" enabled="true" useRefParam="false" refParamName="" r="0.000" g="0.000" b="0.000" execOnForceStopped="false" execOnActionCompleted="false" stopAfterLastEvent="true">
      <Event eventName="MoveActorDuration" time="0.000" length="0.200" isDuration="true" guid="6651d50d-d8c5-4e8c-b59a-6ec3d985a29a">
        <Enum name="moveType" value="2" refParamName="" useRefParam="false">
          <uint name="指定目标" />
          <uint name="指定位置" />
          <uint name="指定朝向" />
        </Enum>
        <TemplateObject name="actorId" objectName="self" id="0" isTemp="false" refParamName="" useRefParam="false" />
        <bool name="bUseSkillDir" value="false" refParamName="" useRefParam="false" />
        <Vector3i name="specifiedDirection" x="0" y="0" z="0" refParamName="" useRefParam="false" />
        <bool name="bUseRevertDir" value="false" refParamName="" useRefParam="false" />
        <TemplateObject name="destId" objectName="target" id="1" isTemp="false" refParamName="" useRefParam="false" />
        <bool name="bMoveToRealTimePosition" value="false" refParamName="" useRefParam="false" />
        <bool name="bLimiteMoveDistance" value="false" refParamName="" useRefParam="false" />
        <TemplateObject name="forceLookAtTarget" objectName="None" id="-1" isTemp="false" refParamName="" useRefParam="false" />
        <int name="distanceOffset" value="0" refParamName="" useRefParam="false" />
        <bool name="bFollow" value="false" refParamName="" useRefParam="false" />
        <int name="moveDistance" value="4000" refParamName="" useRefParam="false" />
        <int name="minMoveDistance" value="0" refParamName="" useRefParam="false" />
        <int name="moveSpeed" value="20000" refParamName="" useRefParam="false" />
        <bool name="bAdjustSpeed" value="false" refParamName="" useRefParam="false" />
        <int name="acceleration" value="0" refParamName="" useRefParam="false" />
        <bool name="bSameMovetime" value="false" refParamName="" useRefParam="false" />
        <Vector3i name="destPos" x="0" y="0" z="0" refParamName="" useRefParam="false" />
        <bool name="bCurBulletDir" value="false" refParamName="" useRefParam="false" />
        <bool name="enableRotate" value="true" refParamName="" useRefParam="false" />
        <int name="rotationTime" value="0" refParamName="" useRefParam="false" />
        <int name="RandomRange" value="0" refParamName="" useRefParam="false" />
        <bool name="bIsTeleport2NearstValidPoint" value="false" refParamName="" useRefParam="false" />
        <int name="checkStepDistance" value="250" refParamName="" useRefParam="false" />
        <int name="checkIterCount" value="10" refParamName="" useRefParam="false" />
        <bool name="teleport" value="false" refParamName="" useRefParam="false" />
        <bool name="IgnoreCollision" value="true" refParamName="" useRefParam="false" />
        <bool name="bFindBestValidTarget" value="false" refParamName="" useRefParam="false" />
        <bool name="bForceIgnoreCollision" value="false" refParamName="" useRefParam="false" />
        <bool name="bRecordPosition" value="false" refParamName="" useRefParam="false" />
        <bool name="bUseRecordPosition" value="false" refParamName="" useRefParam="false" />
        <bool name="bUseSpwanObjRecordPosition" value="false" refParamName="" useRefParam="false" />
        <bool name="bForbidMoveFollowing" value="false" refParamName="" useRefParam="false" />
        <bool name="bIgnoreAreaLimit" value="false" refParamName="" useRefParam="false" />
        <bool name="bStayInCurrentPosWhenStop" value="false" refParamName="" useRefParam="false" />
        <bool name="bImmediateRotate" value="false" refParamName="" useRefParam="false" />
        <bool name="bUseWithPickFly" value="false" refParamName="" useRefParam="false" />
        <String name="OutFinalPos" value="" refParamName="" useRefParam="false" />
        <Enum name="checkType" value="0" refParamName="" useRefParam="false">
          <uint name="移动正常结束" />
          <uint name="触碰阻挡" />
          <uint name="结束（包含以上两种情况）" />
        </Enum>
        <int name="collisionCheckDistanceOffset" value="0" refParamName="" useRefParam="false" />
        <int name="collisionCheckWidth" value="0" refParamName="" useRefParam="false" />
        <bool name="bInteruptOtherMove" value="true" refParamName="" useRefParam="false" />
        <bool name="bProtectInteruptedByOtherMove" value="false" refParamName="" useRefParam="false" />
        <bool name="bIsAreaLimitedToBeMoveDone" value="true" refParamName="" useRefParam="false" />
        <bool name="bUseDefaultPathMesh" value="false" refParamName="" useRefParam="false" />
        <int name="delayTime" value="0" refParamName="" useRefParam="false" />
        <Enum name="moveTrajectoryType" value="0" refParamName="" useRefParam="false">
          <uint name="直线运动" />
          <uint name="贝塞尔曲线" />
        </Enum>
        <int name="controlX" value="0" refParamName="" useRefParam="false" />
        <int name="controlY" value="0" refParamName="" useRefParam="false" />
        <int name="controlXAngle" value="0" refParamName="" useRefParam="false" />
        <int name="controlYAngle" value="0" refParamName="" useRefParam="false" />
        <bool name="findValidTargetByCircle" value="false" refParamName="" useRefParam="false" />
      </Event>
    </Track>
    <Track trackName="TriggerParticle0" eventType="TriggerParticle" guid="c3cee6a4-ca3d-41f0-8898-e89cfa71e3e9" enabled="true" useRefParam="false" refParamName="" r="0.000" g="0.000" b="0.000" execOnForceStopped="false" execOnActionCompleted="false" stopAfterLastEvent="true">
      <Event eventName="TriggerParticle" time="0.000" length="0.800" isDuration="true" guid="23bfd78a-eb4e-4f41-9c4c-f50f0eddf37c">
        <TemplateObject name="targetId" objectName="self" id="0" isTemp="false" refParamName="" useRefParam="false" />
        <TemplateObject name="objectSpaceId" objectName="None" id="-1" isTemp="false" refParamName="" useRefParam="false" />
        <uint name="RefLiteBulletID" value="0" refParamName="" useRefParam="false" />
        <String name="parentResourceName" value="" refParamName="" useRefParam="false" />
        <String name="resourceName" value="prefab_skill_effects/hero_skill_effects/130_gongbenwuzang/13005/gongbenwuzang_attack01_spell02" refParamName="" useRefParam="false" />
        <String name="resourceName2" value="" refParamName="" useRefParam="false" />
        <String name="resourceName3" value="" refParamName="" useRefParam="false" />
        <String name="bindPointName" value="" refParamName="" useRefParam="false" />
        <bool name="dontShowIfNoBindPoint" value="false" refParamName="" useRefParam="false" />
        <Vector3 name="bindPosOffset" x="0.000" y="1.000" z="0.000" refParamName="" useRefParam="false" />
        <bool name="bIsBindPosYRelateBeHitHeight" value="false" refParamName="" useRefParam="false" />
        <bool name="bBindPosOffsetInWorldSpace" value="false" refParamName="" useRefParam="false" />
        <EulerAngle name="bindRotOffset" x="0.000" y="0.000" z="0.000" refParamName="" useRefParam="false" />
        <Vector3 name="scaling" x="1.000" y="1.000" z="1.000" refParamName="" useRefParam="false" />
        <bool name="useScalingInt" value="false" refParamName="" useRefParam="false" />
        <Vector3i name="scalingInt" x="10000" y="10000" z="10000" refParamName="" useRefParam="false" />
        <bool name="bUseRealScaling" value="false" refParamName="" useRefParam="false" />
        <bool name="bOnlyScaleRoot" value="false" refParamName="" useRefParam="false" />
        <bool name="bEnableOptCull" value="true" refParamName="" useRefParam="false" />
        <bool name="bHeroEffect" value="false" refParamName="" useRefParam="false" />
        <bool name="bBullerPosDir" value="false" refParamName="" useRefParam="false" />
        <TemplateObject name="lookTargetId" objectName="None" id="-1" isTemp="false" refParamName="" useRefParam="false" />
        <bool name="bAlwaysLookTarget" value="false" refParamName="" useRefParam="false" />
        <bool name="bLookTarget" value="false" refParamName="" useRefParam="false" />
        <bool name="applyActionSpeedToParticle" value="true" refParamName="" useRefParam="false" />
        <bool name="applyActionSpeedToAnimation" value="false" refParamName="" useRefParam="false" />
        <int name="extend" value="10" refParamName="" useRefParam="false" />
        <bool name="bOnlyFollowPos" value="false" refParamName="" useRefParam="false" />
        <bool name="b1stTickParentRot" value="false" refParamName="" useRefParam="false" />
        <bool name="bHideWhenDead" value="true" refParamName="" useRefParam="false" />
        <bool name="bIgnoreWhenHideModel" value="false" refParamName="" useRefParam="false" />
        <bool name="bRotateFollowCamera" value="false" refParamName="" useRefParam="false" />
        <bool name="bUse3DUICamera" value="false" refParamName="" useRefParam="false" />
        <bool name="bUseTargetSkinEffect" value="false" refParamName="" useRefParam="false" />
        <bool name="bReplayWhenChangeMesh" value="false" refParamName="" useRefParam="false" />
        <bool name="bTrailProtect" value="false" refParamName="" useRefParam="false" />
        <bool name="bUseClearTrailProtect" value="false" refParamName="" useRefParam="false" />
        <bool name="bKeepChildScale" value="false" refParamName="" useRefParam="false" />
        <int name="iDelayDisappearTime" value="0" refParamName="" useRefParam="false" />
        <bool name="bBulletPos" value="false" refParamName="" useRefParam="false" />
        <bool name="bBulletDir" value="false" refParamName="" useRefParam="false" />
        <int name="particleScaleGrow" value="0" refParamName="" useRefParam="false" />
        <bool name="enableMaxFollowTime" value="false" refParamName="" useRefParam="false" />
        <float name="maxFollowTime" value="0.000" refParamName="" useRefParam="false" />
        <bool name="bindOnHUD" value="false" refParamName="" useRefParam="false" />
        <Enum name="showInStatus" value="0" refParamName="" useRefParam="false">
          <uint name="任意状态" />
          <uint name="Idle状态" />
          <uint name="移动状态" />
          <uint name="死亡状态" />
          <uint name="其他状态" />
          <uint name="脱战状态" />
          <uint name="战斗状态" />
          <uint name="非隐藏在草丛" />
          <uint name="隐藏在草丛" />
        </Enum>
        <bool name="bExcludeSpecialActor" value="true" refParamName="" useRefParam="false" />
        <Enum name="ReplacementUsage" value="0" refParamName="" useRefParam="false">
          <uint name="无" />
          <uint name="回城特效" />
          <uint name="击杀特效" />
          <uint name="泉水加速特效" />
        </Enum>
        <Enum name="ReplacementSubUsage" value="0" refParamName="" useRefParam="false">
          <uint name="无" />
          <uint name="回城落地特效" />
        </Enum>
        <bool name="bNoDynamicLod" value="false" refParamName="" useRefParam="false" />
        <bool name="bMeshResouce" value="false" refParamName="" useRefParam="false" />
        <bool name="bAllowEmptyEffect" value="false" refParamName="" useRefParam="false" />
        <bool name="bSpecialBuffEffect" value="false" refParamName="" useRefParam="false" />
        <bool name="bActionCtrlObjs" value="false" refParamName="" useRefParam="false" />
        <bool name="bLayOnNavMesh" value="false" refParamName="" useRefParam="false" />
        <bool name="bInvisibleSelf" value="false" refParamName="" useRefParam="false" />
        <bool name="bInvisibleEnemy" value="false" refParamName="" useRefParam="false" />
        <bool name="bInvisibleTeamNotSelf" value="false" refParamName="" useRefParam="false" />
        <bool name="bInvisibleEnemyForTarget" value="false" refParamName="" useRefParam="false" />
        <String name="syncAnimationName" value="" refParamName="" useRefParam="false" />
        <bool name="bUseRootBoneScaling" value="false" refParamName="" useRefParam="false" />
        <bool name="bReverseXWhenCameraMirror" value="false" refParamName="" useRefParam="false" />
        <bool name="bReverseRotOffsetWhenCameraMirro" value="true" refParamName="" useRefParam="false" />
        <bool name="bApplySpecialEffect" value="false" refParamName="" useRefParam="false" />
        <bool name="bResetHurtColor" value="false" refParamName="" useRefParam="false" />
        <bool name="bSyncActorAnimation" value="false" refParamName="" useRefParam="false" />
      </Event>
    </Track>
    <Track trackName="PlayHeroSoundTick10" eventType="PlayHeroSoundTick" guid="5a9cbcd2-8899-4c5c-ad84-a6b220d963d9" enabled="true" useRefParam="false" refParamName="" r="0.000" g="0.000" b="0.000" execOnForceStopped="false" execOnActionCompleted="false" stopAfterLastEvent="true">
      <Event eventName="PlayHeroSoundTick" time="0.000" isDuration="false" guid="8bdface1-1d96-45fc-afe9-8b9d83fc4f11">
        <TemplateObject name="targetId" objectName="self" id="0" isTemp="false" refParamName="" useRefParam="false" />
        <TemplateObject name="sourceId" objectName="self" id="0" isTemp="false" refParamName="" useRefParam="false" />
        <String name="eventName" value="Play_130_GongBen_Airi_Skill_B1_skin5" refParamName="" useRefParam="false" />
        <bool name="use1P3PSwitch" value="true" refParamName="" useRefParam="false" />
        <bool name="useSkinSwitch" value="true" refParamName="" useRefParam="false" />
        <Array name="extraSkinId" refParamName="" useRefParam="false" type="uint">
          <uint value="6" />
          <uint value="11" />
          <uint value="13" />
        </Array>
      </Event>
    </Track>
    <Track trackName="PlayHeroSoundTick11" eventType="PlayHeroSoundTick" guid="f5e3c4ce-8c26-4f60-bdef-ae59e6c17595" enabled="true" useRefParam="false" refParamName="" r="0.000" g="0.000" b="0.000" execOnForceStopped="false" execOnActionCompleted="false" stopAfterLastEvent="true">
      <Event eventName="PlayHeroSoundTick" time="0.000" isDuration="false" guid="3ace72e1-6f6f-4fe8-9d57-a919c710b789">
        <TemplateObject name="targetId" objectName="self" id="0" isTemp="false" refParamName="" useRefParam="false" />
        <TemplateObject name="sourceId" objectName="self" id="0" isTemp="false" refParamName="" useRefParam="false" />
        <String name="eventName" value="Play_GongBenWuZang_VOX_Skill_B_skin5" refParamName="" useRefParam="false" />
        <bool name="use1P3PSwitch" value="true" refParamName="" useRefParam="false" />
        <bool name="useSkinSwitch" value="true" refParamName="" useRefParam="false" />
        <Array name="extraSkinId" refParamName="" useRefParam="false" type="uint">
          <uint value="6" />
          <uint value="11" />
          <uint value="13" />
        </Array>
      </Event>
    </Track>
    <Track trackName="增加印记" eventType="HitTriggerTick" guid="edad831e-2845-418d-9b51-f3f70213a494" enabled="false" useRefParam="false" refParamName="" r="0.000" g="0.000" b="0.000" execOnForceStopped="false" execOnActionCompleted="false" stopAfterLastEvent="true">
      <Event eventName="HitTriggerTick" time="0.000" isDuration="false" guid="78429b6d-8750-46ef-9f8b-d56f57518bcb">
        <TemplateObject name="targetId" objectName="self" id="0" isTemp="false" refParamName="" useRefParam="false" />
        <TemplateObject name="hitTargetId" objectName="None" id="-1" isTemp="false" refParamName="" useRefParam="false" />
        <bool name="bInheritRefParams" value="false" refParamName="" useRefParam="false" />
        <bool name="bulletHit" value="false" refParamName="" useRefParam="false" />
        <TemplateObject name="victimId" objectName="None" id="-1" isTemp="false" refParamName="" useRefParam="false" />
        <bool name="lastHit" value="false" refParamName="" useRefParam="false" />
        <bool name="bSkillCombineChoose" value="false" refParamName="" useRefParam="false" />
        <int name="SelfSkillCombineID_1" value="130901" refParamName="" useRefParam="false" />
        <int name="SelfSkillCombineID_2" value="130901" refParamName="" useRefParam="false" />
        <int name="SelfSkillCombineID_3" value="0" refParamName="" useRefParam="false" />
        <int name="SelfSkillCombineID1Probability" value="0" refParamName="" useRefParam="false" />
        <int name="SelfSkillCombineID2Probability" value="0" refParamName="" useRefParam="false" />
        <int name="SelfSkillCombineID3Probability" value="0" refParamName="" useRefParam="false" />
        <int name="TargetSkillCombine_1" value="0" refParamName="" useRefParam="false" />
        <int name="TargetSkillCombine_2" value="0" refParamName="" useRefParam="false" />
        <int name="TargetSkillCombine_3" value="0" refParamName="" useRefParam="false" />
        <int name="TargetSkillCombineID1Probability" value="0" refParamName="" useRefParam="false" />
        <int name="TargetSkillCombineID2Probability" value="0" refParamName="" useRefParam="false" />
        <int name="TargetSkillCombineID3Probability" value="0" refParamName="" useRefParam="false" />
        <bool name="bCheckSight" value="false" refParamName="" useRefParam="false" />
        <bool name="bCheckSkillLevel" value="false" refParamName="" useRefParam="false" />
        <Enum name="refSkillSlot" value="1" refParamName="" useRefParam="false">
          <uint name="普攻" />
          <uint name="技能1" />
          <uint name="技能2" />
          <uint name="技能3" />
          <uint name="技能4" />
          <uint name="天赋技能" />
          <uint name="回城" />
          <uint name="饰品栏技能" />
          <uint name="" />
          <uint name="" />
          <uint name="" />
        </Enum>
        <int name="refSkillLevel" value="0" refParamName="" useRefParam="false" />
        <Enum name="compareOPType" value="3" refParamName="" useRefParam="false">
          <uint name="不比较" />
          <uint name="小于" />
          <uint name="小等于" />
          <uint name="等于" />
          <uint name="大于" />
          <uint name="大等于" />
          <uint name="" />
          <uint name="" />
          <uint name="" />
        </Enum>
        <TemplateObject name="triggerId" objectName="None" id="-1" isTemp="false" refParamName="" useRefParam="false" />
        <bool name="bExtraBuff" value="false" refParamName="" useRefParam="false" />
        <bool name="bOverrideParam" value="false" refParamName="" useRefParam="false" />
        <int name="buffOverrideParam1" value="0" refParamName="" useRefParam="false" />
        <int name="buffOverrideParam2" value="0" refParamName="" useRefParam="false" />
        <int name="buffOverrideParam3" value="0" refParamName="" useRefParam="false" />
        <int name="buffOverrideParam4" value="0" refParamName="" useRefParam="false" />
        <int name="buffOverrideParam5" value="0" refParamName="" useRefParam="false" />
        <TemplateObject name="paramTargetId" objectName="None" id="-1" isTemp="false" refParamName="" useRefParam="false" />
        <TemplateObject name="paramTargetId2" objectName="None" id="-1" isTemp="false" refParamName="" useRefParam="false" />
        <bool name="bUseTargetToHitTargetAsEffectDir" value="false" refParamName="" useRefParam="false" />
      </Event>
    </Track>
    <Track trackName="触发印记" eventType="HitTriggerTick" guid="52df141e-3303-45cd-a603-6ec5db77e048" enabled="true" useRefParam="false" refParamName="" r="0.000" g="0.000" b="0.000" execOnForceStopped="false" execOnActionCompleted="false" stopAfterLastEvent="true">
      <Event eventName="HitTriggerTick" time="0.000" isDuration="false" guid="d1da7d65-55a2-4490-ae04-7f88a2dbe73d">
        <TemplateObject name="targetId" objectName="self" id="0" isTemp="false" refParamName="" useRefParam="false" />
        <TemplateObject name="hitTargetId" objectName="None" id="-1" isTemp="false" refParamName="" useRefParam="false" />
        <bool name="bInheritRefParams" value="false" refParamName="" useRefParam="false" />
        <bool name="bulletHit" value="false" refParamName="" useRefParam="false" />
        <TemplateObject name="victimId" objectName="None" id="-1" isTemp="false" refParamName="" useRefParam="false" />
        <bool name="lastHit" value="false" refParamName="" useRefParam="false" />
        <bool name="bSkillCombineChoose" value="false" refParamName="" useRefParam="false" />
        <int name="SelfSkillCombineID_1" value="130902" refParamName="" useRefParam="false" />
        <int name="SelfSkillCombineID_2" value="0" refParamName="" useRefParam="false" />
        <int name="SelfSkillCombineID_3" value="0" refParamName="" useRefParam="false" />
        <int name="SelfSkillCombineID1Probability" value="0" refParamName="" useRefParam="false" />
        <int name="SelfSkillCombineID2Probability" value="0" refParamName="" useRefParam="false" />
        <int name="SelfSkillCombineID3Probability" value="0" refParamName="" useRefParam="false" />
        <int name="TargetSkillCombine_1" value="0" refParamName="" useRefParam="false" />
        <int name="TargetSkillCombine_2" value="0" refParamName="" useRefParam="false" />
        <int name="TargetSkillCombine_3" value="0" refParamName="" useRefParam="false" />
        <int name="TargetSkillCombineID1Probability" value="0" refParamName="" useRefParam="false" />
        <int name="TargetSkillCombineID2Probability" value="0" refParamName="" useRefParam="false" />
        <int name="TargetSkillCombineID3Probability" value="0" refParamName="" useRefParam="false" />
        <bool name="bCheckSight" value="false" refParamName="" useRefParam="false" />
        <bool name="bCheckSkillLevel" value="false" refParamName="" useRefParam="false" />
        <Enum name="refSkillSlot" value="1" refParamName="" useRefParam="false">
          <uint name="普攻" />
          <uint name="技能1" />
          <uint name="技能2" />
          <uint name="技能3" />
          <uint name="技能4" />
          <uint name="天赋技能" />
          <uint name="回城" />
          <uint name="饰品栏技能" />
          <uint name="" />
          <uint name="" />
          <uint name="" />
        </Enum>
        <int name="refSkillLevel" value="0" refParamName="" useRefParam="false" />
        <Enum name="compareOPType" value="3" refParamName="" useRefParam="false">
          <uint name="不比较" />
          <uint name="小于" />
          <uint name="小等于" />
          <uint name="等于" />
          <uint name="大于" />
          <uint name="大等于" />
          <uint name="" />
          <uint name="" />
          <uint name="" />
        </Enum>
        <TemplateObject name="triggerId" objectName="None" id="-1" isTemp="false" refParamName="" useRefParam="false" />
        <bool name="bExtraBuff" value="false" refParamName="" useRefParam="false" />
        <bool name="bOverrideParam" value="false" refParamName="" useRefParam="false" />
        <int name="buffOverrideParam1" value="0" refParamName="" useRefParam="false" />
        <int name="buffOverrideParam2" value="0" refParamName="" useRefParam="false" />
        <int name="buffOverrideParam3" value="0" refParamName="" useRefParam="false" />
        <int name="buffOverrideParam4" value="0" refParamName="" useRefParam="false" />
        <int name="buffOverrideParam5" value="0" refParamName="" useRefParam="false" />
        <TemplateObject name="paramTargetId" objectName="None" id="-1" isTemp="false" refParamName="" useRefParam="false" />
        <TemplateObject name="paramTargetId2" objectName="None" id="-1" isTemp="false" refParamName="" useRefParam="false" />
        <bool name="bUseTargetToHitTargetAsEffectDir" value="false" refParamName="" useRefParam="false" />
      </Event>
    </Track>
    <Track trackName="切换普攻A4" eventType="ChangeSkillTriggerTick" guid="aa4b6d28-5b61-4f15-a511-1beaf4d7b4da" enabled="true" useRefParam="false" refParamName="" r="0.000" g="0.000" b="0.000" execOnForceStopped="false" execOnActionCompleted="false" stopAfterLastEvent="true">
      <Event eventName="ChangeSkillTriggerTick" time="0.000" isDuration="false" guid="1a9724c8-83a1-41b5-b866-a7d3736f6f44">
        <TemplateObject name="targetId" objectName="self" id="0" isTemp="false" refParamName="" useRefParam="false" />
        <bool name="bCurrentSkill" value="false" refParamName="" useRefParam="false" />
        <Enum name="slotType" value="0" refParamName="" useRefParam="false">
          <uint name="普攻" />
          <uint name="技能1" />
          <uint name="技能2" />
          <uint name="技能3" />
          <uint name="空" />
          <uint name="天赋技能" />
          <uint name="回城" />
          <uint name="魔纹技能" />
          <uint name="召唤Boss槽位" />
          <uint name="装备主动技能" />
          <uint name="特殊技能附属技能" />
          <uint name="特殊技能" />
        </Enum>
        <int name="effectTime" value="5000" refParamName="" useRefParam="false" />
        <int name="recoverSkillID" value="13000" refParamName="" useRefParam="false" />
        <bool name="bCheckCondition" value="false" refParamName="" useRefParam="false" />
        <bool name="bOvertimeCD" value="false" refParamName="" useRefParam="false" />
        <bool name="bSendEvent" value="true" refParamName="" useRefParam="false" />
        <bool name="bUseCombo" value="false" refParamName="" useRefParam="false" />
        <bool name="bAbort" value="false" refParamName="" useRefParam="false" />
        <bool name="bUseStop" value="true" refParamName="" useRefParam="false" />
        <TemplateObject name="attackTargetId" objectName="None" id="-1" isTemp="false" refParamName="" useRefParam="false" />
        <bool name="bUseSkillLevel" value="false" refParamName="" useRefParam="false" />
        <int name="changeSkillID" value="13003" refParamName="" useRefParam="false" />
        <int name="changeSkillID2" value="0" refParamName="" useRefParam="false" />
        <int name="changeSkillID3" value="0" refParamName="" useRefParam="false" />
        <int name="changeSkillID4" value="0" refParamName="" useRefParam="false" />
        <int name="changeSkillID1Probability" value="100" refParamName="" useRefParam="false" />
        <int name="changeSkillID2Probability" value="100" refParamName="" useRefParam="false" />
        <int name="changeSkillID3Probability" value="100" refParamName="" useRefParam="false" />
        <int name="changeSkillID4Probability" value="100" refParamName="" useRefParam="false" />
        <bool name="unIntiSkillSlotIfSkillIDNULL" value="false" refParamName="" useRefParam="false" />
        <Enum name="refSkillSlot" value="1" refParamName="" useRefParam="false">
          <uint name="普攻" />
          <uint name="技能1" />
          <uint name="技能2" />
          <uint name="技能3" />
          <uint name="技能4" />
          <uint name="天赋技能" />
          <uint name="回城" />
          <uint name="饰品栏技能" />
          <uint name="" />
          <uint name="" />
          <uint name="" />
        </Enum>
        <int name="level0Id" value="0" refParamName="" useRefParam="false" />
        <int name="level1Id" value="0" refParamName="" useRefParam="false" />
        <int name="level2Id" value="0" refParamName="" useRefParam="false" />
        <int name="level3Id" value="0" refParamName="" useRefParam="false" />
        <int name="level4Id" value="0" refParamName="" useRefParam="false" />
        <int name="level5Id" value="0" refParamName="" useRefParam="false" />
        <int name="level6Id" value="0" refParamName="" useRefParam="false" />
        <bool name="bOtherSkillAbort" value="false" refParamName="" useRefParam="false" />
      </Event>
    </Track>
    <Track trackName="重制普攻" eventType="HitTriggerTick" guid="774528c4-978e-412f-99ef-06107a05d8a7" enabled="true" useRefParam="false" refParamName="" r="0.000" g="0.000" b="0.000" execOnForceStopped="false" execOnActionCompleted="false" stopAfterLastEvent="true">
      <Event eventName="HitTriggerTick" time="0.000" isDuration="false" guid="879026b5-a5f6-479c-979a-fdab65834a93">
        <TemplateObject name="targetId" objectName="self" id="0" isTemp="false" refParamName="" useRefParam="false" />
        <TemplateObject name="hitTargetId" objectName="None" id="-1" isTemp="false" refParamName="" useRefParam="false" />
        <bool name="bInheritRefParams" value="false" refParamName="" useRefParam="false" />
        <bool name="bulletHit" value="false" refParamName="" useRefParam="false" />
        <TemplateObject name="victimId" objectName="None" id="-1" isTemp="false" refParamName="" useRefParam="false" />
        <bool name="lastHit" value="false" refParamName="" useRefParam="false" />
        <bool name="bSkillCombineChoose" value="false" refParamName="" useRefParam="false" />
        <int name="SelfSkillCombineID_1" value="910000" refParamName="" useRefParam="false" />
        <int name="SelfSkillCombineID_2" value="0" refParamName="" useRefParam="false" />
        <int name="SelfSkillCombineID_3" value="0" refParamName="" useRefParam="false" />
        <int name="SelfSkillCombineID1Probability" value="0" refParamName="" useRefParam="false" />
        <int name="SelfSkillCombineID2Probability" value="0" refParamName="" useRefParam="false" />
        <int name="SelfSkillCombineID3Probability" value="0" refParamName="" useRefParam="false" />
        <int name="TargetSkillCombine_1" value="0" refParamName="" useRefParam="false" />
        <int name="TargetSkillCombine_2" value="0" refParamName="" useRefParam="false" />
        <int name="TargetSkillCombine_3" value="0" refParamName="" useRefParam="false" />
        <int name="TargetSkillCombineID1Probability" value="0" refParamName="" useRefParam="false" />
        <int name="TargetSkillCombineID2Probability" value="0" refParamName="" useRefParam="false" />
        <int name="TargetSkillCombineID3Probability" value="0" refParamName="" useRefParam="false" />
        <bool name="bCheckSight" value="false" refParamName="" useRefParam="false" />
        <bool name="bCheckSkillLevel" value="false" refParamName="" useRefParam="false" />
        <Enum name="refSkillSlot" value="1" refParamName="" useRefParam="false">
          <uint name="普攻" />
          <uint name="技能1" />
          <uint name="技能2" />
          <uint name="技能3" />
          <uint name="技能4" />
          <uint name="天赋技能" />
          <uint name="回城" />
          <uint name="饰品栏技能" />
          <uint name="" />
          <uint name="" />
          <uint name="" />
        </Enum>
        <int name="refSkillLevel" value="0" refParamName="" useRefParam="false" />
        <Enum name="compareOPType" value="3" refParamName="" useRefParam="false">
          <uint name="不比较" />
          <uint name="小于" />
          <uint name="小等于" />
          <uint name="等于" />
          <uint name="大于" />
          <uint name="大等于" />
          <uint name="" />
          <uint name="" />
          <uint name="" />
        </Enum>
        <TemplateObject name="triggerId" objectName="None" id="-1" isTemp="false" refParamName="" useRefParam="false" />
        <bool name="bExtraBuff" value="false" refParamName="" useRefParam="false" />
        <bool name="bOverrideParam" value="false" refParamName="" useRefParam="false" />
        <int name="buffOverrideParam1" value="0" refParamName="" useRefParam="false" />
        <int name="buffOverrideParam2" value="0" refParamName="" useRefParam="false" />
        <int name="buffOverrideParam3" value="0" refParamName="" useRefParam="false" />
        <int name="buffOverrideParam4" value="0" refParamName="" useRefParam="false" />
        <int name="buffOverrideParam5" value="0" refParamName="" useRefParam="false" />
        <TemplateObject name="paramTargetId" objectName="None" id="-1" isTemp="false" refParamName="" useRefParam="false" />
        <TemplateObject name="paramTargetId2" objectName="None" id="-1" isTemp="false" refParamName="" useRefParam="false" />
        <bool name="bUseTargetToHitTargetAsEffectDir" value="false" refParamName="" useRefParam="false" />
      </Event>
    </Track>
    <Track trackName="普攻序列能量加满" eventType="HitTriggerTick" guid="fbad2408-3c03-41e5-9a4f-be69f7b38809" enabled="true" useRefParam="false" refParamName="" r="0.000" g="0.000" b="0.000" execOnForceStopped="false" execOnActionCompleted="false" stopAfterLastEvent="true">
      <Event eventName="HitTriggerTick" time="0.000" isDuration="false" guid="3973389c-5111-4001-869b-e5538d9c482b">
        <TemplateObject name="targetId" objectName="self" id="0" isTemp="false" refParamName="" useRefParam="false" />
        <TemplateObject name="hitTargetId" objectName="None" id="-1" isTemp="false" refParamName="" useRefParam="false" />
        <bool name="bInheritRefParams" value="false" refParamName="" useRefParam="false" />
        <bool name="bulletHit" value="false" refParamName="" useRefParam="false" />
        <TemplateObject name="victimId" objectName="None" id="-1" isTemp="false" refParamName="" useRefParam="false" />
        <bool name="lastHit" value="false" refParamName="" useRefParam="false" />
        <bool name="bSkillCombineChoose" value="false" refParamName="" useRefParam="false" />
        <int name="SelfSkillCombineID_1" value="130003" refParamName="" useRefParam="false" />
        <int name="SelfSkillCombineID_2" value="130003" refParamName="" useRefParam="false" />
        <int name="SelfSkillCombineID_3" value="130003" refParamName="" useRefParam="false" />
        <int name="SelfSkillCombineID1Probability" value="0" refParamName="" useRefParam="false" />
        <int name="SelfSkillCombineID2Probability" value="0" refParamName="" useRefParam="false" />
        <int name="SelfSkillCombineID3Probability" value="0" refParamName="" useRefParam="false" />
        <int name="TargetSkillCombine_1" value="0" refParamName="" useRefParam="false" />
        <int name="TargetSkillCombine_2" value="0" refParamName="" useRefParam="false" />
        <int name="TargetSkillCombine_3" value="0" refParamName="" useRefParam="false" />
        <int name="TargetSkillCombineID1Probability" value="0" refParamName="" useRefParam="false" />
        <int name="TargetSkillCombineID2Probability" value="0" refParamName="" useRefParam="false" />
        <int name="TargetSkillCombineID3Probability" value="0" refParamName="" useRefParam="false" />
        <bool name="bCheckSight" value="false" refParamName="" useRefParam="false" />
        <bool name="bCheckSkillLevel" value="false" refParamName="" useRefParam="false" />
        <Enum name="refSkillSlot" value="1" refParamName="" useRefParam="false">
          <uint name="普攻" />
          <uint name="技能1" />
          <uint name="技能2" />
          <uint name="技能3" />
          <uint name="技能4" />
          <uint name="天赋技能" />
          <uint name="回城" />
          <uint name="饰品栏技能" />
          <uint name="" />
          <uint name="" />
          <uint name="" />
        </Enum>
        <int name="refSkillLevel" value="0" refParamName="" useRefParam="false" />
        <Enum name="compareOPType" value="3" refParamName="" useRefParam="false">
          <uint name="不比较" />
          <uint name="小于" />
          <uint name="小等于" />
          <uint name="等于" />
          <uint name="大于" />
          <uint name="大等于" />
          <uint name="" />
          <uint name="" />
          <uint name="" />
        </Enum>
        <TemplateObject name="triggerId" objectName="None" id="-1" isTemp="false" refParamName="" useRefParam="false" />
        <bool name="bExtraBuff" value="false" refParamName="" useRefParam="false" />
        <bool name="bOverrideParam" value="false" refParamName="" useRefParam="false" />
        <int name="buffOverrideParam1" value="0" refParamName="" useRefParam="false" />
        <int name="buffOverrideParam2" value="0" refParamName="" useRefParam="false" />
        <int name="buffOverrideParam3" value="0" refParamName="" useRefParam="false" />
        <int name="buffOverrideParam4" value="0" refParamName="" useRefParam="false" />
        <int name="buffOverrideParam5" value="0" refParamName="" useRefParam="false" />
        <TemplateObject name="paramTargetId" objectName="None" id="-1" isTemp="false" refParamName="" useRefParam="false" />
        <TemplateObject name="paramTargetId2" objectName="None" id="-1" isTemp="false" refParamName="" useRefParam="false" />
        <bool name="bUseTargetToHitTargetAsEffectDir" value="false" refParamName="" useRefParam="false" />
      </Event>
    </Track>
    <Track trackName="延迟清空能量" eventType="HitTriggerTick" guid="d20ddb9f-afc6-4ddc-abdf-31a85c5fedb9" enabled="true" useRefParam="false" refParamName="" r="0.000" g="0.000" b="0.000" execOnForceStopped="false" execOnActionCompleted="false" stopAfterLastEvent="true">
      <Event eventName="HitTriggerTick" time="0.000" isDuration="false" guid="6cacfdf2-3b58-4384-85d4-2381a4d13588">
        <TemplateObject name="targetId" objectName="self" id="0" isTemp="false" refParamName="" useRefParam="false" />
        <TemplateObject name="hitTargetId" objectName="None" id="-1" isTemp="false" refParamName="" useRefParam="false" />
        <bool name="bInheritRefParams" value="false" refParamName="" useRefParam="false" />
        <bool name="bulletHit" value="false" refParamName="" useRefParam="false" />
        <TemplateObject name="victimId" objectName="None" id="-1" isTemp="false" refParamName="" useRefParam="false" />
        <bool name="lastHit" value="false" refParamName="" useRefParam="false" />
        <bool name="bSkillCombineChoose" value="false" refParamName="" useRefParam="false" />
        <int name="SelfSkillCombineID_1" value="130005" refParamName="" useRefParam="false" />
        <int name="SelfSkillCombineID_2" value="0" refParamName="" useRefParam="false" />
        <int name="SelfSkillCombineID_3" value="0" refParamName="" useRefParam="false" />
        <int name="SelfSkillCombineID1Probability" value="0" refParamName="" useRefParam="false" />
        <int name="SelfSkillCombineID2Probability" value="0" refParamName="" useRefParam="false" />
        <int name="SelfSkillCombineID3Probability" value="0" refParamName="" useRefParam="false" />
        <int name="TargetSkillCombine_1" value="0" refParamName="" useRefParam="false" />
        <int name="TargetSkillCombine_2" value="0" refParamName="" useRefParam="false" />
        <int name="TargetSkillCombine_3" value="0" refParamName="" useRefParam="false" />
        <int name="TargetSkillCombineID1Probability" value="0" refParamName="" useRefParam="false" />
        <int name="TargetSkillCombineID2Probability" value="0" refParamName="" useRefParam="false" />
        <int name="TargetSkillCombineID3Probability" value="0" refParamName="" useRefParam="false" />
        <bool name="bCheckSight" value="false" refParamName="" useRefParam="false" />
        <bool name="bCheckSkillLevel" value="false" refParamName="" useRefParam="false" />
        <Enum name="refSkillSlot" value="1" refParamName="" useRefParam="false">
          <uint name="普攻" />
          <uint name="技能1" />
          <uint name="技能2" />
          <uint name="技能3" />
          <uint name="技能4" />
          <uint name="天赋技能" />
          <uint name="回城" />
          <uint name="饰品栏技能" />
          <uint name="" />
          <uint name="" />
          <uint name="" />
        </Enum>
        <int name="refSkillLevel" value="0" refParamName="" useRefParam="false" />
        <Enum name="compareOPType" value="3" refParamName="" useRefParam="false">
          <uint name="不比较" />
          <uint name="小于" />
          <uint name="小等于" />
          <uint name="等于" />
          <uint name="大于" />
          <uint name="大等于" />
          <uint name="" />
          <uint name="" />
          <uint name="" />
        </Enum>
        <TemplateObject name="triggerId" objectName="None" id="-1" isTemp="false" refParamName="" useRefParam="false" />
        <bool name="bExtraBuff" value="false" refParamName="" useRefParam="false" />
        <bool name="bOverrideParam" value="false" refParamName="" useRefParam="false" />
        <int name="buffOverrideParam1" value="0" refParamName="" useRefParam="false" />
        <int name="buffOverrideParam2" value="0" refParamName="" useRefParam="false" />
        <int name="buffOverrideParam3" value="0" refParamName="" useRefParam="false" />
        <int name="buffOverrideParam4" value="0" refParamName="" useRefParam="false" />
        <int name="buffOverrideParam5" value="0" refParamName="" useRefParam="false" />
        <TemplateObject name="paramTargetId" objectName="None" id="-1" isTemp="false" refParamName="" useRefParam="false" />
        <TemplateObject name="paramTargetId2" objectName="None" id="-1" isTemp="false" refParamName="" useRefParam="false" />
        <bool name="bUseTargetToHitTargetAsEffectDir" value="false" refParamName="" useRefParam="false" />
      </Event>
    </Track>
    <Track trackName="ChangeIndicatorTick0" eventType="ChangeIndicatorTick" guid="aef73068-4510-44ff-8468-f8c868c7ef12" enabled="true" useRefParam="false" refParamName="" r="0.000" g="0.000" b="0.000" execOnForceStopped="false" execOnActionCompleted="false" stopAfterLastEvent="true">
      <Event eventName="ChangeIndicatorTick" time="0.200" isDuration="false" guid="9d3c73ca-3f01-4a64-a189-296e9bc119d4" />
    </Track>
  </Action>
</Project>