<?xml version="1.0" encoding="utf-8"?>
<Project>
	<TemplateObjectList>
		<TemplateObject objectName="self" id="0" isTemp="false"/>
	</TemplateObjectList>
	<RefParamList/>
	<Action tag="" length="4.500" loop="false">
		<Track trackName="PlayAnimationTick0" eventType="PlayAnimationTick" guid="786f1ad6-fd57-4adc-b724-9b335c23e7ad" enabled="true" useRefParam="false" refParamName="" r="0.000" g="1.000" b="0.817" execOnForceStopped="false" execOnActionCompleted="false" stopAfterLastEvent="true">
			<Event eventName="PlayAnimationTick" time="0.000" isDuration="false">
				<TemplateObject name="targetId" objectName="self" id="0" isTemp="false" refParamName="" useRefParam="false"/>
				<String name="clipName" value="Dead" refParamName="" useRefParam="false"/>
				<float name="crossFadeTime" value="0.100" refParamName="" useRefParam="false"/>
				<float name="playSpeed" value="1.000" refParamName="" useRefParam="false"/>
				<int name="layer" value="0" refParamName="" useRefParam="false"/>
				<bool name="loop" value="false" refParamName="" useRefParam="false"/>
				<bool name="applyActionSpeed" value="false" refParamName="" useRefParam="false"/>
				<bool name="alwaysAnimate" value="false" refParamName="" useRefParam="false"/>
				<bool name="bNoTimeScale" value="false" refParamName="" useRefParam="false"/>
			</Event>
		</Track>
		<Track trackName="PlayHeroSoundTick20" eventType="PlayHeroSoundTick" guid="f84eecc2-5fac-4332-bdac-76f4349ce55c" enabled="true" useRefParam="false" refParamName="" r="0.517" g="0.000" b="1.000" execOnForceStopped="false" execOnActionCompleted="false" stopAfterLastEvent="true">
			<Event eventName="PlayHeroSoundTick" time="0.000" isDuration="false">
				<TemplateObject name="targetId" objectName="self" id="0" isTemp="false" refParamName="" useRefParam="false"/>
				<TemplateObject name="sourceId" objectName="self" id="0" isTemp="false" refParamName="" useRefParam="false"/>
				<String name="eventName" value="Play_HanXin_Voice_Dead_Skin4" refParamName="" useRefParam="false"/>
				<bool name="use1P3PSwitch" value="true" refParamName="" useRefParam="false"/>
				<bool name="useSkinSwitch" value="true" refParamName="" useRefParam="false"/>
				<Array name="extraSkinId" refParamName="" useRefParam="false" type="uint">
					<uint32 value="35"/>
					<uint32 value="36"/>
					<uint32 value="37"/>
				</Array>
			</Event>
		</Track>
	</Action>
</Project>

