<?xml version="1.0" encoding="utf-8"?>
<Project>
	<TemplateObjectList>
		<TemplateObject objectName="self" id="0" isTemp="false"/>
		<TemplateObject objectName="target" id="1" isTemp="false"/>
	</TemplateObjectList>
	<RefParamList>
		<Vector3i name="_BulletDir" x="0" y="0" z="0" refParamName="" useRefParam="false"/>
		<Vector3i name="_TargetDir" x="0" y="0" z="0" refParamName="" useRefParam="false"/>
		<Vector3i name="_TargetPos" x="0" y="0" z="0" refParamName="" useRefParam="false"/>
	</RefParamList>
	<Action tag="" length="0.500" loop="false">
		<Track trackName="FilterTargetType6" eventType="FilterTargetType" guid="20f64bb4-0d0e-40ed-91b4-7ee34475407e" enabled="true" refParamName="" useRefParam="false" r="0.000" g="1.000" b="0.083" execOnForceStopped="false" execOnActionCompleted="false" stopAfterLastEvent="true">
			<Event eventName="FilterTargetType" time="0.000" isDuration="false">
				<TemplateObject name="targetId" objectName="target" id="1" isTemp="false" refParamName="" useRefParam="false"/>
				<bool name="bFilterHero" value="true" refParamName="" useRefParam="false"/>
				<bool name="bFilterMonter" value="false" refParamName="" useRefParam="false"/>
				<bool name="bFilterBoss" value="true" refParamName="" useRefParam="false"/>
				<bool name="bFilterOrgan" value="true" refParamName="" useRefParam="false"/>
				<bool name="bFilterChest" value="false" refParamName="" useRefParam="false"/>
				<bool name="bFilterEye" value="false" refParamName="" useRefParam="false"/>
				<bool name="bFilterPet" value="false" refParamName="" useRefParam="false"/>
				<bool name="bFilterMajorMonster" value="false" refParamName="" useRefParam="false"/>
				<bool name="bFilterMinorMonster" value="false" refParamName="" useRefParam="false"/>
				<bool name="bFilterSoldier" value="false" refParamName="" useRefParam="false"/>
				<bool name="bFilterOtherMonster" value="false" refParamName="" useRefParam="false"/>
				<bool name="bFilterSameCamp" value="false" refParamName="" useRefParam="false"/>
				<bool name="bFilterDiffCa<?xml version="1.0" encoding="utf-8"?>
<Project>
	<TemplateObjectList>
		<TemplateObject objectName="self" id="0" isTemp="false"/>
		<TemplateObject objectName="target" id="1" isTemp="false"/>
	</TemplateObjectList>
	<RefParamList>
		<Vector3i name="_BulletDir" x="0" y="0" z="0" refParamName="" useRefParam="false"/>
		<Vector3i name="_TargetDir" x="0" y="0" z="0" refParamName="" useRefParam="false"/>
		<Vector3i name="_TargetPos" x="0" y="0" z="0" refParamName="" useRefParam="false"/>
	</RefParamList>
	<Action tag="" length="0.500" loop="false">
		<Track trackName="FilterTargetType6" eventType="FilterTargetType" guid="20f64bb4-0d0e-40ed-91b4-7ee34475407e" enabled="true" refParamName="" useRefParam="false" r="0.000" g="1.000" b="0.083" execOnForceStopped="false" execOnActionCompleted="false" stopAfterLastEvent="true">
			<Event eventName="FilterTargetType" time="0.000" isDuration="false">
				<TemplateObject name="targetId" objectName="target" id="1" isTemp="false" refParamName="" useRefParam="false"/>
				<bool name="bFilterHero" value="true" refParamName="" useRefParam="false"/>
				<bool name="bFilterMonter" value="false" refParamName="" useRefParam="false"/>
				<bool name="bFilterBoss" value="true" refParamName="" useRefParam="false"/>
				<bool name="bFilterOrgan" value="true" refParamName="" useRefParam="false"/>
				<bool name="bFilterChest" value="false" refParamName="" useRefParam="false"/>
				<bool name="bFilterEye" value="false" refParamName="" useRefParam="false"/>
				<bool name="bFilterPet" value="false" refParamName="" useRefParam="false"/>
				<bool name="bFilterMajorMonster" value="false" refParamName="" useRefParam="false"/>
				<bool name="bFilterMinorMonster" value="false" refParamName="" useRefParam="false"/>
				<bool name="bFilterSoldier" value="false" refParamName="" useRefParam="false"/>
				<bool name="bFilterOtherMonster" value="false" refParamName="" useRefParam="false"/>
				<bool name="bFilterSameCamp" value="false" refParamName="" useRefParam="false"/>
				<bool name="bFilterDiffCa<?xml version="1.0" encoding="utf-8"?>
<Project>
	<TemplateObjectList>
		<TemplateObject objectName="self" id="0" isTemp="false"/>
		<TemplateObject objectName="target" id="1" isTemp="false"/>
	</TemplateObjectList>
	<RefParamList>
		<Vector3i name="_BulletDir" x="0" y="0" z="0" refParamName="" useRefParam="false"/>
		<Vector3i name="_TargetDir" x="0" y="0" z="0" refParamName="" useRefParam="false"/>
		<Vector3i name="_TargetPos" x="0" y="0" z="0" refParamName="" useRefParam="false"/>
	</RefParamList>
	<Action tag="" length="0.500" loop="false">
		<Track trackName="FilterTargetType6" eventType="FilterTargetType" guid="20f64bb4-0d0e-40ed-91b4-7ee34475407e" enabled="true" refParamName="" useRefParam="false" r="0.000" g="1.000" b="0.083" execOnForceStopped="false" execOnActionCompleted="false" stopAfterLastEvent="true">
			<Event eventName="FilterTargetType" time="0.000" isDuration="false">
				<TemplateObject name="targetId" objectName="target" id="1" isTemp="false" refParamName="" useRefParam="false"/>
				<bool name="bFilterHero" value="true" refParamName="" useRefParam="false"/>
				<bool name="bFilterMonter" value="false" refParamName="" useRefParam="false"/>
				<bool name="bFilterBoss" value="true" refParamName="" useRefParam="false"/>
				<bool name="bFilterOrgan" value="true" refParamName="" useRefParam="false"/>
				<bool name="bFilterChest" value="false" refParamName="" useRefParam="false"/>
				<bool name="bFilterEye" value="false" refParamName="" useRefParam="false"/>
				<bool name="bFilterPet" value="false" refParamName="" useRefParam="false"/>
				<bool name="bFilterMajorMonster" value="false" refParamName="" useRefParam="false"/>
				<bool name="bFilterMinorMonster" value="false" refParamName="" useRefParam="false"/>
				<bool name="bFilterSoldier" value="false" refParamName="" useRefParam="false"/>
				<bool name="bFilterOtherMonster" value="false" refParamName="" useRefParam="false"/>
				<bool name="bFilterSameCamp" value="false" refParamName="" useRefParam="false"/>
				<bool name="bFilterDiffCa<?xml version="1.0" encoding="utf-8"?>
<Project>
	<TemplateObjectList>
		<TemplateObject objectName="self" id="0" isTemp="false"/>
		<TemplateObject objectName="target" id="1" isTemp="false"/>
	</TemplateObjectList>
	<RefParamList>
		<Vector3i name="_BulletDir" x="0" y="0" z="0" refParamName="" useRefParam="false"/>
		<Vector3i name="_TargetDir" x="0" y="0" z="0" refParamName="" useRefParam="false"/>
		<Vector3i name="_TargetPos" x="0" y="0" z="0" refParamName="" useRefParam="false"/>
	</RefParamList>
	<Action tag="" length="0.500" loop="false">
		<Track trackName="FilterTargetType6" eventType="FilterTargetType" guid="20f64bb4-0d0e-40ed-91b4-7ee34475407e" enabled="true" refParamName="" useRefParam="false" r="0.000" g="1.000" b="0.083" execOnForceStopped="false" execOnActionCompleted="false" stopAfterLastEvent="true">
			<Event eventName="FilterTargetType" time="0.000" isDuration="false">
				<TemplateObject name="targetId" objectName="target" id="1" isTemp="false" refParamName="" useRefParam="false"/>
				<bool name="bFilterHero" value="true" refParamName="" useRefParam="false"/>
				<bool name="bFilterMonter" value="false" refParamName="" useRefParam="false"/>
				<bool name="bFilterBoss" value="true" refParamName="" useRefParam="false"/>
				<bool name="bFilterOrgan" value="true" refParamName="" useRefParam="false"/>
				<bool name="bFilterChest" value="false" refParamName="" useRefParam="false"/>
				<bool name="bFilterEye" value="false" refParamName="" useRefParam="false"/>
				<bool name="bFilterPet" value="false" refParamName="" useRefParam="false"/>
				<bool name="bFilterMajorMonster" value="false" refParamName="" useRefParam="false"/>
				<bool name="bFilterMinorMonster" value="false" refParamName="" useRefParam="false"/>
				<bool name="bFilterSoldier" value="false" refParamName="" useRefParam="false"/>
				<bool name="bFilterOtherMonster" value="false" refParamName="" useRefParam="false"/>
				<bool name="bFilterSameCamp" value="false" refParamName="" useRefParam="false"/>
				<bool name="bFilterDiffCa<?xml version="1.0" encoding="utf-8"?>
<Project>
	<TemplateObjectList>
		<TemplateObject objectName="self" id="0" isTemp="false"/>
		<TemplateObject objectName="target" id="1" isTemp="false"/>
	</TemplateObjectList>
	<RefParamList>
		<Vector3i name="_BulletDir" x="0" y="0" z="0" refParamName="" useRefParam="false"/>
		<Vector3i name="_TargetDir" x="0" y="0" z="0" refParamName="" useRefParam="false"/>
		<Vector3i name="_TargetPos" x="0" y="0" z="0" refParamName="" useRefParam="false"/>
	</RefParamList>
	<Action tag="" length="0.500" loop="false">
		<Track trackName="FilterTargetType6" eventType="FilterTargetType" guid="20f64bb4-0d0e-40ed-91b4-7ee34475407e" enabled="true" refParamName="" useRefParam="false" r="0.000" g="1.000" b="0.083" execOnForceStopped="false" execOnActionCompleted="false" stopAfterLastEvent="true">
			<Event eventName="FilterTargetType" time="0.000" isDuration="false">
				<TemplateObject name="targetId" objectName="target" id="1" isTemp="false" refParamName="" useRefParam="false"/>
				<bool name="bFilterHero" value="true" refParamName="" useRefParam="false"/>
				<bool name="bFilterMonter" value="false" refParamName="" useRefParam="false"/>
				<bool name="bFilterBoss" value="true" refParamName="" useRefParam="false"/>
				<bool name="bFilterOrgan" value="true" refParamName="" useRefParam="false"/>
				<bool name="bFilterChest" value="false" refParamName="" useRefParam="false"/>
				<bool name="bFilterEye" value="false" refParamName="" useRefParam="false"/>
				<bool name="bFilterPet" value="false" refParamName="" useRefParam="false"/>
				<bool name="bFilterMajorMonster" value="false" refParamName="" useRefParam="false"/>
				<bool name="bFilterMinorMonster" value="false" refParamName="" useRefParam="false"/>
				<bool name="bFilterSoldier" value="false" refParamName="" useRefParam="false"/>
				<bool name="bFilterOtherMonster" value="false" refParamName="" useRefParam="false"/>
				<bool name="bFilterSameCamp" value="false" refParamName="" useRefParam="false"/>
				<bool name="bFilterDiffCa<?xml version="1.0" encoding="utf-8"?>
<Project>
	<TemplateObjectList>
		<TemplateObject objectName="self" id="0" isTemp="false"/>
		<TemplateObject objectName="target" id="1" isTemp="false"/>
	</TemplateObjectList>
	<RefParamList>
		<Vector3i name="_BulletDir" x="0" y="0" z="0" refParamName="" useRefParam="false"/>
		<Vector3i name="_TargetDir" x="0" y="0" z="0" refParamName="" useRefParam="false"/>
		<Vector3i name="_TargetPos" x="0" y="0" z="0" refParamName="" useRefParam="false"/>
	</RefParamList>
	<Action tag="" length="0.500" loop="false">
		<Track trackName="FilterTargetType6" eventType="FilterTargetType" guid="20f64bb4-0d0e-40ed-91b4-7ee34475407e" enabled="true" refParamName="" useRefParam="false" r="0.000" g="1.000" b="0.083" execOnForceStopped="false" execOnActionCompleted="false" stopAfterLastEvent="true">
			<Event eventName="FilterTargetType" time="0.000" isDuration="false">
				<TemplateObject name="targetId" objectName="target" id="1" isTemp="false" refParamName="" useRefParam="false"/>
				<bool name="bFilterHero" value="true" refParamName="" useRefParam="false"/>
				<bool name="bFilterMonter" value="false" refParamName="" useRefParam="false"/>
				<bool name="bFilterBoss" value="true" refParamName="" useRefParam="false"/>
				<bool name="bFilterOrgan" value="true" refParamName="" useRefParam="false"/>
				<bool name="bFilterChest" value="false" refParamName="" useRefParam="false"/>
				<bool name="bFilterEye" value="false" refParamName="" useRefParam="false"/>
				<bool name="bFilterPet" value="false" refParamName="" useRefParam="false"/>
				<bool name="bFilterMajorMonster" value="false" refParamName="" useRefParam="false"/>
				<bool name="bFilterMinorMonster" value="false" refParamName="" useRefParam="false"/>
				<bool name="bFilterSoldier" value="false" refParamName="" useRefParam="false"/>
				<bool name="bFilterOtherMonster" value="false" refParamName="" useRefParam="false"/>
				<bool name="bFilterSameCamp" value="false" refParamName="" useRefParam="false"/>
				<bool name="bFilterDiffCa<?xml version="1.0" encoding="utf-8"?>
<Project>
	<TemplateObjectList>
		<TemplateObject objectName="self" id="0" isTemp="false"/>
		<TemplateObject objectName="target" id="1" isTemp="false"/>
	</TemplateObjectList>
	<RefParamList>
		<Vector3i name="_BulletDir" x="0" y="0" z="0" refParamName="" useRefParam="false"/>
		<Vector3i name="_TargetDir" x="0" y="0" z="0" refParamName="" useRefParam="false"/>
		<Vector3i name="_TargetPos" x="0" y="0" z="0" refParamName="" useRefParam="false"/>
	</RefParamList>
	<Action tag="" length="0.500" loop="false">
		<Track trackName="FilterTargetType6" eventType="FilterTargetType" guid="20f64bb4-0d0e-40ed-91b4-7ee34475407e" enabled="true" refParamName="" useRefParam="false" r="0.000" g="1.000" b="0.083" execOnForceStopped="false" execOnActionCompleted="false" stopAfterLastEvent="true">
			<Event eventName="FilterTargetType" time="0.000" isDuration="false">
				<TemplateObject name="targetId" objectName="target" id="1" isTemp="false" refParamName="" useRefParam="false"/>
				<bool name="bFilterHero" value="true" refParamName="" useRefParam="false"/>
				<bool name="bFilterMonter" value="false" refParamName="" useRefParam="false"/>
				<bool name="bFilterBoss" value="true" refParamName="" useRefParam="false"/>
				<bool name="bFilterOrgan" value="true" refParamName="" useRefParam="false"/>
				<bool name="bFilterChest" value="false" refParamName="" useRefParam="false"/>
				<bool name="bFilterEye" value="false" refParamName="" useRefParam="false"/>
				<bool name="bFilterPet" value="false" refParamName="" useRefParam="false"/>
				<bool name="bFilterMajorMonster" value="false" refParamName="" useRefParam="false"/>
				<bool name="bFilterMinorMonster" value="false" refParamName="" useRefParam="false"/>
				<bool name="bFilterSoldier" value="false" refParamName="" useRefParam="false"/>
				<bool name="bFilterOtherMonster" value="false" refParamName="" useRefParam="false"/>
				<bool name="bFilterSameCamp" value="false" refParamName="" useRefParam="false"/>
				<bool name="bFilterDiffCa<?xml version="1.0" encoding="utf-8"?>
<Project>
	<TemplateObjectList>
		<TemplateObject objectName="self" id="0" isTemp="false"/>
		<TemplateObject objectName="target" id="1" isTemp="false"/>
	</TemplateObjectList>
	<RefParamList>
		<Vector3i name="_BulletDir" x="0" y="0" z="0" refParamName="" useRefParam="false"/>
		<Vector3i name="_TargetDir" x="0" y="0" z="0" refParamName="" useRefParam="false"/>
		<Vector3i name="_TargetPos" x="0" y="0" z="0" refParamName="" useRefParam="false"/>
	</RefParamList>
	<Action tag="" length="0.500" loop="false">
		<Track trackName="FilterTargetType6" eventType="FilterTargetType" guid="20f64bb4-0d0e-40ed-91b4-7ee34475407e" enabled="true" refParamName="" useRefParam="false" r="0.000" g="1.000" b="0.083" execOnForceStopped="false" execOnActionCompleted="false" stopAfterLastEvent="true">
			<Event eventName="FilterTargetType" time="0.000" isDuration="false">
				<TemplateObject name="targetId" objectName="target" id="1" isTemp="false" refParamName="" useRefParam="false"/>
				<bool name="bFilterHero" value="true" refParamName="" useRefParam="false"/>
				<bool name="bFilterMonter" value="false" refParamName="" useRefParam="false"/>
				<bool name="bFilterBoss" value="true" refParamName="" useRefParam="false"/>
				<bool name="bFilterOrgan" value="true" refParamName="" useRefParam="false"/>
				<bool name="bFilterChest" value="false" refParamName="" useRefParam="false"/>
				<bool name="bFilterEye" value="false" refParamName="" useRefParam="false"/>
				<bool name="bFilterPet" value="false" refParamName="" useRefParam="false"/>
				<bool name="bFilterMajorMonster" value="false" refParamName="" useRefParam="false"/>
				<bool name="bFilterMinorMonster" value="false" refParamName="" useRefParam="false"/>
				<bool name="bFilterSoldier" value="false" refParamName="" useRefParam="false"/>
				<bool name="bFilterOtherMonster" value="false" refParamName="" useRefParam="false"/>
				<bool name="bFilterSameCamp" value="false" refParamName="" useRefParam="false"/>
				<bool name="bFilterDiffCa<?xml version="1.0" encoding="utf-8"?>
<Project>
	<TemplateObjectList>
		<TemplateObject objectName="self" id="0" isTemp="false"/>
		<TemplateObject objectName="target" id="1" isTemp="false"/>
	</TemplateObjectList>
	<RefParamList>
		<Vector3i name="_BulletDir" x="0" y="0" z="0" refParamName="" useRefParam="false"/>
		<Vector3i name="_TargetDir" x="0" y="0" z="0" refParamName="" useRefParam="false"/>
		<Vector3i name="_TargetPos" x="0" y="0" z="0" refParamName="" useRefParam="false"/>
	</RefParamList>
	<Action tag="" length="0.500" loop="false">
		<Track trackName="FilterTargetType6" eventType="FilterTargetType" guid="20f64bb4-0d0e-40ed-91b4-7ee34475407e" enabled="true" refParamName="" useRefParam="false" r="0.000" g="1.000" b="0.083" execOnForceStopped="false" execOnActionCompleted="false" stopAfterLastEvent="true">
			<Event eventName="FilterTargetType" time="0.000" isDuration="false">
				<TemplateObject name="targetId" objectName="target" id="1" isTemp="false" refParamName="" useRefParam="false"/>
				<bool name="bFilterHero" value="true" refParamName="" useRefParam="false"/>
				<bool name="bFilterMonter" value="false" refParamName="" useRefParam="false"/>
				<bool name="bFilterBoss" value="true" refParamName="" useRefParam="false"/>
				<bool name="bFilterOrgan" value="true" refParamName="" useRefParam="false"/>
				<bool name="bFilterChest" value="false" refParamName="" useRefParam="false"/>
				<bool name="bFilterEye" value="false" refParamName="" useRefParam="false"/>
				<bool name="bFilterPet" value="false" refParamName="" useRefParam="false"/>
				<bool name="bFilterMajorMonster" value="false" refParamName="" useRefParam="false"/>
				<bool name="bFilterMinorMonster" value="false" refParamName="" useRefParam="false"/>
				<bool name="bFilterSoldier" value="false" refParamName="" useRefParam="false"/>
				<bool name="bFilterOtherMonster" value="false" refParamName="" useRefParam="false"/>
				<bool name="bFilterSameCamp" value="false" refParamName="" useRefParam="false"/>
				<bool name="bFilterDiffCa<?xml version="1.0" encoding="utf-8"?>
<Project>
	<TemplateObjectList>
		<TemplateObject objectName="self" id="0" isTemp="false"/>
		<TemplateObject objectName="target" id="1" isTemp="false"/>
	</TemplateObjectList>
	<RefParamList>
		<Vector3i name="_BulletDir" x="0" y="0" z="0" refParamName="" useRefParam="false"/>
		<Vector3i name="_TargetDir" x="0" y="0" z="0" refParamName="" useRefParam="false"/>
		<Vector3i name="_TargetPos" x="0" y="0" z="0" refParamName="" useRefParam="false"/>
	</RefParamList>
	<Action tag="" length="0.500" loop="false">
		<Track trackName="FilterTargetType6" eventType="FilterTargetType" guid="20f64bb4-0d0e-40ed-91b4-7ee34475407e" enabled="true" refParamName="" useRefParam="false" r="0.000" g="1.000" b="0.083" execOnForceStopped="false" execOnActionCompleted="false" stopAfterLastEvent="true">
			<Event eventName="FilterTargetType" time="0.000" isDuration="false">
				<TemplateObject name="targetId" objectName="target" id="1" isTemp="false" refParamName="" useRefParam="false"/>
				<bool name="bFilterHero" value="true" refParamName="" useRefParam="false"/>
				<bool name="bFilterMonter" value="false" refParamName="" useRefParam="false"/>
				<bool name="bFilterBoss" value="true" refParamName="" useRefParam="false"/>
				<bool name="bFilterOrgan" value="true" refParamName="" useRefParam="false"/>
				<bool name="bFilterChest" value="false" refParamName="" useRefParam="false"/>
				<bool name="bFilterEye" value="false" refParamName="" useRefParam="false"/>
				<bool name="bFilterPet" value="false" refParamName="" useRefParam="false"/>
				<bool name="bFilterMajorMonster" value="false" refParamName="" useRefParam="false"/>
				<bool name="bFilterMinorMonster" value="false" refParamName="" useRefParam="false"/>
				<bool name="bFilterSoldier" value="false" refParamName="" useRefParam="false"/>
				<bool name="bFilterOtherMonster" value="false" refParamName="" useRefParam="false"/>
				<bool name="bFilterSameCamp" value="false" refParamName="" useRefParam="false"/>
				<bool name="bFilterDiffCa<?xml version="1.0" encoding="utf-8"?>
<Project>
	<TemplateObjectList>
		<TemplateObject objectName="self" id="0" isTemp="false"/>
		<TemplateObject objectName="target" id="1" isTemp="false"/>
	</TemplateObjectList>
	<RefParamList>
		<Vector3i name="_BulletDir" x="0" y="0" z="0" refParamName="" useRefParam="false"/>
		<Vector3i name="_TargetDir" x="0" y="0" z="0" refParamName="" useRefParam="false"/>
		<Vector3i name="_TargetPos" x="0" y="0" z="0" refParamName="" useRefParam="false"/>
	</RefParamList>
	<Action tag="" length="0.500" loop="false">
		<Track trackName="FilterTargetType6" eventType="FilterTargetType" guid="20f64bb4-0d0e-40ed-91b4-7ee34475407e" enabled="true" refParamName="" useRefParam="false" r="0.000" g="1.000" b="0.083" execOnForceStopped="false" execOnActionCompleted="false" stopAfterLastEvent="true">
			<Event eventName="FilterTargetType" time="0.000" isDuration="false">
				<TemplateObject name="targetId" objectName="target" id="1" isTemp="false" refParamName="" useRefParam="false"/>
				<bool name="bFilterHero" value="true" refParamName="" useRefParam="false"/>
				<bool name="bFilterMonter" value="false" refParamName="" useRefParam="false"/>
				<bool name="bFilterBoss" value="true" refParamName="" useRefParam="false"/>
				<bool name="bFilterOrgan" value="true" refParamName="" useRefParam="false"/>
				<bool name="bFilterChest" value="false" refParamName="" useRefParam="false"/>
				<bool name="bFilterEye" value="false" refParamName="" useRefParam="false"/>
				<bool name="bFilterPet" value="false" refParamName="" useRefParam="false"/>
				<bool name="bFilterMajorMonster" value="false" refParamName="" useRefParam="false"/>
				<bool name="bFilterMinorMonster" value="false" refParamName="" useRefParam="false"/>
				<bool name="bFilterSoldier" value="false" refParamName="" useRefParam="false"/>
				<bool name="bFilterOtherMonster" value="false" refParamName="" useRefParam="false"/>
				<bool name="bFilterSameCamp" value="false" refParamName="" useRefParam="false"/>
				<bool name="bFilterDiffCa<?xml version="1.0" encoding="utf-8"?>
<Project>
	<TemplateObjectList>
		<TemplateObject objectName="self" id="0" isTemp="false"/>
		<TemplateObject objectName="target" id="1" isTemp="false"/>
	</TemplateObjectList>
	<RefParamList>
		<Vector3i name="_BulletDir" x="0" y="0" z="0" refParamName="" useRefParam="false"/>
		<Vector3i name="_TargetDir" x="0" y="0" z="0" refParamName="" useRefParam="false"/>
		<Vector3i name="_TargetPos" x="0" y="0" z="0" refParamName="" useRefParam="false"/>
	</RefParamList>
	<Action tag="" length="0.500" loop="false">
		<Track trackName="FilterTargetType6" eventType="FilterTargetType" guid="20f64bb4-0d0e-40ed-91b4-7ee34475407e" enabled="true" refParamName="" useRefParam="false" r="0.000" g="1.000" b="0.083" execOnForceStopped="false" execOnActionCompleted="false" stopAfterLastEvent="true">
			<Event eventName="FilterTargetType" time="0.000" isDuration="false">
				<TemplateObject name="targetId" objectName="target" id="1" isTemp="false" refParamName="" useRefParam="false"/>
				<bool name="bFilterHero" value="true" refParamName="" useRefParam="false"/>
				<bool name="bFilterMonter" value="false" refParamName="" useRefParam="false"/>
				<bool name="bFilterBoss" value="true" refParamName="" useRefParam="false"/>
				<bool name="bFilterOrgan" value="true" refParamName="" useRefParam="false"/>
				<bool name="bFilterChest" value="false" refParamName="" useRefParam="false"/>
				<bool name="bFilterEye" value="false" refParamName="" useRefParam="false"/>
				<bool name="bFilterPet" value="false" refParamName="" useRefParam="false"/>
				<bool name="bFilterMajorMonster" value="false" refParamName="" useRefParam="false"/>
				<bool name="bFilterMinorMonster" value="false" refParamName="" useRefParam="false"/>
				<bool name="bFilterSoldier" value="false" refParamName="" useRefParam="false"/>
				<bool name="bFilterOtherMonster" value="false" refParamName="" useRefParam="false"/>
				<bool name="bFilterSameCamp" value="false" refParamName="" useRefParam="false"/>
				<bool name=
				
				
				<bool name="bFilterHero" value="true" refParamName="" useRefParam="false"/>
				<bool name="bFilterMonter" value="false" refParamName="" useRefParam="false"/>
				<bool name="bFilterBoss" value="true" refParamName="" useRefParam="false"/>
				<bool name="bFilterOrgan" value="true" refParamName="" useRefParam="false"/>
				<bool name="bFilterChest" value="false" refParamName="" useRefParam="false"/>
				<bool name="bFilterEye" value="false" refParamName="" useRefParam="false"/>
				<bool name="bFilterPet" value="false" refParamName="" useRefParam="false"/>
				<bool name="bFilterMajorMonster" value="false" refParamName="" useRefParam="false"/>
				<bool name="bFilterMinorMonster" value="false" refParamName="" useRefParam="false"/>
				<bool name="bFilterSoldier" value="false" refParamName="" useRefParam="false"/>
				<bool name="bFilterOtherMonster" value="false" refParamName="" useRefParam="false"/>
				<bool name="bFilterSameCamp" value="false" refParamName="" useRefParam="false"/>
				<bool name=<bool name="bFilterHero" value="true" refParamName="" useRefParam="false"/>
				<bool name="bFilterMonter" value="false" refParamName="" useRefParam="false"/>
				<bool name="bFilterBoss" value="true" refParamName="" useRefParam="false"/>
				<bool name="bFilterOrgan" value="true" refParamName="" useRefParam="false"/>
				<bool name="bFilterChest" value="false" refParamName="" useRefParam="false"/>
				<bool name="bFilterEye" value="false" refParamName="" useRefParam="false"/>
				<bool name="bFilterPet" value="false" refParamName="" useRefParam="false"/>
				<bool name="bFilterMajorMonster" value="false" refParamName="" useRefParam="false"/>
				<bool name="bFilterMinorMonster" value="false" refParamName="" useRefParam="false"/>
				<bool name="bFilterSoldier" value="false" refParamName="" useRefParam="false"/>
				<bool name="bFilterOtherMonster" value="false" refParamName="" useRefParam="false"/>
				<bool name="bFilterSameCamp" value="false" refParamName="" useRefParam="false"/>
				<bool name=<bool name="bFilterHero" value="true" refParamName="" useRefParam="false"/>
				<bool name="bFilterMonter" value="false" refParamName="" useRefParam="false"/>
				<bool name="bFilterBoss" value="true" refParamName="" useRefParam="false"/>
				<bool name="bFilterOrgan" value="true" refParamName="" useRefParam="false"/>
				<bool name="bFilterChest" value="false" refParamName="" useRefParam="false"/>
				<bool name="bFilterEye" value="false" refParamName="" useRefParam="false"/>
				<bool name="bFilterPet" value="false" refParamName="" useRefParam="false"/>
				<bool name="bFilterMajorMonster" value="false" refParamName="" useRefParam="false"/>
				<bool name="bFilterMinorMonster" value="false" refParamName="" useRefParam="false"/>
				<bool name="bFilterSoldier" value="false" refParamName="" useRefParam="false"/>
				<bool name="bFilterOtherMonster" value="false" refParamName="" useRefParam="false"/>
				<bool name="bFilterSameCamp" value="false" refParamName="" useRefParam="false"/>
				<bool name=<bool name="bFilterHero" value="true" refParamName="" useRefParam="false"/>
				<bool name="bFilterMonter" value="false" refParamName="" useRefParam="false"/>
				<bool name="bFilterBoss" value="true" refParamName="" useRefParam="false"/>
				<bool name="bFilterOrgan" value="true" refParamName="" useRefParam="false"/>
				<bool name="bFilterChest" value="false" refParamName="" useRefParam="false"/>
				<bool name="bFilterEye" value="false" refParamName="" useRefParam="false"/>
				<bool name="bFilterPet" value="false" refParamName="" useRefParam="false"/>
				<bool name="bFilterMajorMonster" value="false" refParamName="" useRefParam="false"/>
				<bool name="bFilterMinorMonster" value="false" refParamName="" useRefParam="false"/>
				<bool name="bFilterSoldier" value="false" refParamName="" useRefParam="false"/>
				<bool name="bFilterOtherMonster" value="false" refParamName="" useRefParam="false"/>
				<bool name="bFilterSameCamp" value="false" refParamName="" useRefParam="false"/>
				<bool name=<bool name="bFilterHero" value="true" refParamName="" useRefParam="false"/>
				<bool name="bFilterMonter" value="false" refParamName="" useRefParam="false"/>
				<bool name="bFilterBoss" value="true" refParamName="" useRefParam="false"/>
				<bool name="bFilterOrgan" value="true" refParamName="" useRefParam="false"/>
				<bool name="bFilterChest" value="false" refParamName="" useRefParam="false"/>
				<bool name="bFilterEye" value="false" refParamName="" useRefParam="false"/>
				<bool name="bFilterPet" value="false" refParamName="" useRefParam="false"/>
				<bool name="bFilterMajorMonster" value="false" refParamName="" useRefParam="false"/>
				<bool name="bFilterMinorMonster" value="false" refParamName="" useRefParam="false"/>
				<bool name="bFilterSoldier" value="false" refParamName="" useRefParam="false"/>
				<bool name="bFilterOtherMonster" value="false" refParamName="" useRefParam="false"/>
				<bool name="bFilterSameCamp" value="false" refParamName="" useRefParam="false"/>
				<bool name=<bool name="bFilterHero" value="true" refParamName="" useRefParam="false"/>
				<bool name="bFilterMonter" value="false" refParamName="" useRefParam="false"/>
				<bool name="bFilterBoss" value="true" refParamName="" useRefParam="false"/>
				<bool name="bFilterOrgan" value="true" refParamName="" useRefParam="false"/>
				<bool name="bFilterChest" value="false" refParamName="" useRefParam="false"/>
				<bool name="bFilterEye" value="false" refParamName="" useRefParam="false"/>
				<bool name="bFilterPet" value="false" refParamName="" useRefParam="false"/>
				<bool name="bFilterMajorMonster" value="false" refParamName="" useRefParam="false"/>
				<bool name="bFilterMinorMonster" value="false" refParamName="" useRefParam="false"/>
				<bool name="bFilterSoldier" value="false" refParamName="" useRefParam="false"/>
				<bool name="bFilterOtherMonster" value="false" refParamName="" useRefParam="false"/>
				<bool name="bFilterSameCamp" value="false" refParamName="" useRefParam="false"/>
				<bool name=<bool name="bFilterHero" value="true" refParamName="" useRefParam="false"/>
				<bool name="bFilterMonter" value="false" refParamName="" useRefParam="false"/>
				<bool name="bFilterBoss" value="true" refParamName="" useRefParam="false"/>
				<bool name="bFilterOrgan" value="true" refParamName="" useRefParam="false"/>
				<bool name="bFilterChest" value="false" refParamName="" useRefParam="false"/>
				<bool name="bFilterEye" value="false" refParamName="" useRefParam="false"/>
				<bool name="bFilterPet" value="false" refParamName="" useRefParam="false"/>
				<bool name="bFilterMajorMonster" value="false" refParamName="" useRefParam="false"/>
				<bool name="bFilterMinorMonster" value="false" refParamName="" useRefParam="false"/>
				<bool name="bFilterSoldier" value="false" refParamName="" useRefParam="false"/>
				<bool name="bFilterOtherMonster" value="false" refParamName="" useRefParam="false"/>
				<bool name="bFilterSameCamp" value="false" refParamName="" useRefParam="false"/>
				<bool name=<bool name="bFilterHero" value="true" refParamName="" useRefParam="false"/>
				<bool name="bFilterMonter" value="false" refParamName="" useRefParam="false"/>
				<bool name="bFilterBoss" value="true" refParamName="" useRefParam="false"/>
				<bool name="bFilterOrgan" value="true" refParamName="" useRefParam="false"/>
				<bool name="bFilterChest" value="false" refParamName="" useRefParam="false"/>
				<bool name="bFilterEye" value="false" refParamName="" useRefParam="false"/>
				<bool name="bFilterPet" value="false" refParamName="" useRefParam="false"/>
				<bool name="bFilterMajorMonster" value="false" refParamName="" useRefParam="false"/>
				<bool name="bFilterMinorMonster" value="false" refParamName="" useRefParam="false"/>
				<bool name="bFilterSoldier" value="false" refParamName="" useRefParam="false"/>
				<bool name="bFilterOtherMonster" value="false" refParamName="" useRefParam="false"/>
				<bool name="bFilterSameCamp" value="false" refParamName="" useRefParam="false"/>
				<bool name=<bool name="bFilterHero" value="true" refParamName="" useRefParam="false"/>
				<bool name="bFilterMonter" value="false" refParamName="" useRefParam="false"/>
				<bool name="bFilterBoss" value="true" refParamName="" useRefParam="false"/>
				<bool name="bFilterOrgan" value="true" refParamName="" useRefParam="false"/>
				<bool name="bFilterChest" value="false" refParamName="" useRefParam="false"/>
				<bool name="bFilterEye" value="false" refParamName="" useRefParam="false"/>
				<bool name="bFilterPet" value="false" refParamName="" useRefParam="false"/>
				<bool name="bFilterMajorMonster" value="false" refParamName="" useRefParam="false"/>
				<bool name="bFilterMinorMonster" value="false" refParamName="" useRefParam="false"/>
				<bool name="bFilterSoldier" value="false" refParamName="" useRefParam="false"/>
				<bool name="bFilterOtherMonster" value="false" refParamName="" useRefParam="false"/>
				<bool name="bFilterSameCamp" value="false" refParamName="" useRefParam="false"/>
				<bool name=<bool name="bFilterHero" value="true" refParamName="" useRefParam="false"/>
				<bool name="bFilterMonter" value="false" refParamName="" useRefParam="false"/>
				<bool name="bFilterBoss" value="true" refParamName="" useRefParam="false"/>
				<bool name="bFilterOrgan" value="true" refParamName="" useRefParam="false"/>
				<bool name="bFilterChest" value="false" refParamName="" useRefParam="false"/>
				<bool name="bFilterEye" value="false" refParamName="" useRefParam="false"/>
				<bool name="bFilterPet" value="false" refParamName="" useRefParam="false"/>
				<bool name="bFilterMajorMonster" value="false" refParamName="" useRefParam="false"/>
				<bool name="bFilterMinorMonster" value="false" refParamName="" useRefParam="false"/>
				<bool name="bFilterSoldier" value="false" refParamName="" useRefParam="false"/>
				<bool name="bFilterOtherMonster" value="false" refParamName="" useRefParam="false"/>
				<bool name="bFilterSameCamp" value="false" refParamName="" useRefParam="false"/>
				<bool name=<bool name="bFilterHero" value="true" refParamName="" useRefParam="false"/>
				<bool name="bFilterMonter" value="false" refParamName="" useRefParam="false"/>
				<bool name="bFilterBoss" value="true" refParamName="" useRefParam="false"/>
				<bool name="bFilterOrgan" value="true" refParamName="" useRefParam="false"/>
				<bool name="bFilterChest" value="false" refParamName="" useRefParam="false"/>
				<bool name="bFilterEye" value="false" refParamName="" useRefParam="false"/>
				<bool name="bFilterPet" value="false" refParamName="" useRefParam="false"/>
				<bool name="bFilterMajorMonster" value="false" refParamName="" useRefParam="false"/>
				<bool name="bFilterMinorMonster" value="false" refParamName="" useRefParam="false"/>
				<bool name="bFilterSoldier" value="false" refParamName="" useRefParam="false"/>
				<bool name="bFilterOtherMonster" value="false" refParamName="" useRefParam="false"/>
				<bool name="bFilterSameCamp" value="false" refParamName="" useRefParam="false"/>
				<bool name=<bool name="bFilterHero" value="true" refParamName="" useRefParam="false"/>
				<bool name="bFilterMonter" value="false" refParamName="" useRefParam="false"/>
				<bool name="bFilterBoss" value="true" refParamName="" useRefParam="false"/>
				<bool name="bFilterOrgan" value="true" refParamName="" useRefParam="false"/>
				<bool name="bFilterChest" value="false" refParamName="" useRefParam="false"/>
				<bool name="bFilterEye" value="false" refParamName="" useRefParam="false"/>
				<bool name="bFilterPet" value="false" refParamName="" useRefParam="false"/>
				<bool name="bFilterMajorMonster" value="false" refParamName="" useRefParam="false"/>
				<bool name="bFilterMinorMonster" value="false" refParamName="" useRefParam="false"/>
				<bool name="bFilterSoldier" value="false" refParamName="" useRefParam="false"/>
				<bool name="bFilterOtherMonster" value="false" refParamName="" useRefParam="false"/>
				<bool name="bFilterSameCamp" value="false" refParamName="" useRefParam="false"/>
				<bool name=<bool name="bFilterHero" value="true" refParamName="" useRefParam="false"/>
				<bool name="bFilterMonter" value="false" refParamName="" useRefParam="false"/>
				<bool name="bFilterBoss" value="true" refParamName="" useRefParam="false"/>
				<bool name="bFilterOrgan" value="true" refParamName="" useRefParam="false"/>
				<bool name="bFilterChest" value="false" refParamName="" useRefParam="false"/>
				<bool name="bFilterEye" value="false" refParamName="" useRefParam="false"/>
				<bool name="bFilterPet" value="false" refParamName="" useRefParam="false"/>
				<bool name="bFilterMajorMonster" value="false" refParamName="" useRefParam="false"/>
				<bool name="bFilterMinorMonster" value="false" refParamName="" useRefParam="false"/>
				<bool name="bFilterSoldier" value="false" refParamName="" useRefParam="false"/>
				<bool name="bFilterOtherMonster" value="false" refParamName="" useRefParam="false"/>
				<bool name="bFilterSameCamp" value="false" refParamName="" useRefParam="false"/>
				<bool name="bFilterDiffCaM/.D..Z M..O.D .x   D.N..H.N._M..O.D_2.0.0.6        R.E.U..P    D.E    L.I..NK..1.S  C..U.A ..V..IDE.O
M/.D..Z M..O.D .x   D.N..H.N._M..O.D_2.0.0.6        R.E.U..P    D.E    L.I..NK..1.S  C..U.A ..V..IDE.O
M/.D..Z M..O.D .x   D.N..H.N._M..O.D_2.0.0.6        R.E.U..P    D.E    L.I..NK..1.S  C..U.A ..V..IDE.O
M/.D..Z M..O.D .x   D.N..H.N._M..O.D_2.0.0.6        R.E.U..P    D.E    L.I..NK..1.S  C..U.A ..V..IDE.O
M/.D..Z M..O.D .x   D.N..H.N._M..O.D_2.0.0.6        R.E.U..P    D.E    L.I..NK..1.S  C..U.A ..V..IDE.O
M/.D..Z M..O.D .x   D.N..H.N._M..O.D_2.0.0.6        R.E.U..P    D.E    L.I..NK..1.S  C..U.A ..V..IDE.O
M/.D..Z M..O.D .x   D.N..H.N._M..O.D_2.0.0.6        R.E.U..P    D.E    L.I..NK..1.S  C..U.A ..V..IDE.O
M/.D..Z M..O.D .x   D.N..H.N._M..O.D_2.0.0.6        R.E.U..P    D.E    L.I..NK..1.S  C..U.A ..V..IDE.O
M/.D..Z M..O.D .x   D.N..H.N._M..O.D_2.0.0.6        R.E.U..P    D.E    L.I..NK..1.S  C..U.A ..V..IDE.O
M/.D..Z M..O.D .x   D.N..H.N._M..O.D_2.0.0.6        R.E.U..P    D.E    L.I..NK..1.S  C..U.A ..V..IDE.O
M/.D..Z M..O.D .x   D.N..H.N._M..O.D_2.0.0.6        R.E.U..P    D.E    L.I..NK..1.S  C..U.A ..V..IDE.O
M/.D..Z M..O.D .x   D.N..H.N._M..O.D_2.0.0.6        R.E.U..P    D.E    L.I..NK..1.S  C..U.A ..V..IDE.O
M/.D..Z M..O.D .x   D.N..H.N._M..O.D_2.0.0.6        R.E.U..P    D.E    L.I..NK..1.S  C..U.A ..V..IDE.O
M/.D..Z M..O.D .x   D.N..H.N._M..O.D_2.0.0.6        R.E.U..P    D.E    L.I..NK..1.S  C..U.A ..V..IDE.O
M/.D..Z M..O.D .x   D.N..H.N._M..O.D_2.0.0.6        R.E.U..P    D.E    L.I..NK..1.S  C..U.A ..V..IDE.O
M/.D..Z M..O.D .x   D.N..H.N._M..O.D_2.0.0.6        R.E.U..P    D.E    L.I..NK..1.S  C..U.A ..V..IDE.O
M/.D..Z M..O.D .x   D.N..H.N._M..O.D_2.0.0.6        R.E.U..P    D.E    L.I..NK..1.S  C..U.A ..V..IDE.O
M/.D..Z M..O.D .x   D.N..H.N._M..O.D_2.0.0.6        R.E.U..P    D.E    L.I..NK..1.S  C..U.A ..V..IDE.O
M/.D..Z M..O.D .x   D.N..H.N._M..O.D_2.0.0.6        R.E.U..P    D.E    L.I..NK..1.S  C..U.A ..V..IDE.O
M/.D..Z M..O.D .x   D.N..H.N._M..O.D_2.0.0.6        R.E.U..P    D.E    L.I..NK..1.S  C..U.A ..V..IDE.O
M/.D..Z M..O.D .x   D.N..H.N._M..O.D_2.0.0.6        R.E.U..P    D.E    L.I..NK..1.S  C..U.A ..V..IDE.O
M/.D..Z M..O.D .x   D.N..H.N._M..O.D_2.0.0.6        R.E.U..P    D.E    L.I..NK..1.S  C..U.A ..V..IDE.O
M/.D..Z M..O.D .x   D.N..H.N._M..O.D_2.0.0.6        R.E.U..P    D.E    L.I..NK..1.S  C..U.A ..V..IDE.O
M/.D..Z M..O.D .x   D.N..H.N._M..O.D_2.0.0.6        R.E.U..P    D.E    L.I..NK..1.S  C..U.A ..V..IDE.O
M/.D..Z M..O.D .x   D.N..H.N._M..O.D_2.0.0.6        R.E.U..P    D.E    L.I..NK..1.S  C..U.A ..V..IDE.O
M/.D..Z M..O.D .x   D.N..H.N._M..O.D_2.0.0.6        R.E.U..P    D.E    L.I..NK..1.S  C..U.A ..V..IDE.O
M/.D..Z M..O.D .x   D.N..H.N._M..O.D_2.0.0.6        R.E.U..P    D.E    L.I..NK..1.S  C..U.A ..V..IDE.O
M/.D..Z M..O.D .x   D.N..H.N._M..O.D_2.0.0.6        R.E.U..P    D.E    L.I..NK..1.S  C..U.A ..V..IDE.O
M/.D..Z M..O.D .x   D.N..H.N._M..O.D_2.0.0.6        R.E.U..P    D.E    L.I..NK..1.S  C..U.A ..V..IDE.O
M/.D..Z M..O.D .x   D.N..H.N._M..O.D_2.0.0.6        R.E.U..P    D.E    L.I..NK..1.S  C..U.A ..V..IDE.O
M/.D..Z M..O.D .x   D.N..H.N._M..O.D_2.0.0.6        R.E.U..P    D.E    L.I..NK..1.S  C..U.A ..V..IDE.O
M/.D..Z M..O.D .x   D.N..H.N._M..O.D_2.0.0.6        R.E.U..P    D.E    L.I..NK..1.S  C..U.A ..V..IDE.O
M/.D..Z M..O.D .x   D.N..H.N._M..O.D_2.0.0.6        R.E.U..P    D.E    L.I..NK..1.S  C..U.A ..V..IDE.O
M/.D..Z M..O.D .x   D.N..H.N._M..O.D_2.0.0.6        R.E.U..P    D.E    L.I..NK..1.S  C..U.A ..V..IDE.O
M/.D..Z M..O.D .x   D.N..H.N._M..O.D_2.0.0.6        R.E.U..P    D.E    L.I..NK..1.S  C..U.A ..V..IDE.O
M/.D..Z M..O.D .x   D.N..H.N._M..O.D_2.0.0.6        R.E.U..P    D.E    L.I..NK..1.S  C..U.A ..V..IDE.O
M/.D..Z M..O.D .x   D.N..H.N._M..O.D_2.0.0.6        R.E.U..P    D.E    L.I..NK..1.S  C..U.A ..V..IDE.O
M/.D..Z M..O.D .x   D.N..H.N._M..O.D_2.0.0.6        R.E.U..P    D.E    L.I..NK..1.S  C..U.A ..V..IDE.O
M/.D..Z M..O.D .x   D.N..H.N._M..O.D_2.0.0.6        R.E.U..P    D.E    L.I..NK..1.S  C..U.A ..V..IDE.O
M/.D..Z M..O.D .x   D.N..H.N._M..O.D_2.0.0.6        R.E.U..P    D.E    L.I..NK..1.S  C..U.A ..V..IDE.O
M/.D..Z M..O.D .x   D.N..H.N._M..O.D_2.0.0.6        R.E.U..P    D.E    L.I..NK..1.S  C..U.A ..V..IDE.O
M/.D..Z M..O.D .x   D.N..H.N._M..O.D_2.0.0.6        R.E.U..P    D.E    L.I..NK..1.S  C..U.A ..V..IDE.O
M/.D..Z M..O.D .x   D.N..H.N._M..O.D_2.0.0.6        R.E.U..P    D.E    L.I..NK..1.S  C..U.A ..V..IDE.O
M/.D..Z M..O.D .x   D.N..H.N._M..O.D_2.0.0.6        R.E.U..P    D.E    L.I..NK..1.S  C..U.A ..V..IDE.O
M/.D..Z M..O.D .x   D.N..H.N._M..O.D_2.0.0.6        R.E.U..P    D.E    L.I..NK..1.S  C..U.A ..V..IDE.O
M/.D..Z M..O.D .x   D.N..H.N._M..O.D_2.0.0.6        R.E.U..P    D.E    L.I..NK..1.S  C..U.A ..V..IDE.O
M/.D..Z M..O.D .x   D.N..H.N._M..O.D_2.0.0.6        R.E.U..P    D.E    L.I..NK..1.S  C..U.A ..V..IDE.O
M/.D..Z M..O.D .x   D.N..H.N._M..O.D_2.0.0.6        R.E.U..P    D.E    L.I..NK..1.S  C..U.A ..V..IDE.O
M/.D..Z M..O.D .x   D.N..H.N._M..O.D_2.0.0.6        R.E.U..P    D.E    L.I..NK..1.S  C..U.A ..V..IDE.O
M/.D..Z M..O.D .x   D.N..H.N._M..O.D_2.0.0.6        R.E.U..P    D.E    L.I..NK..1.S  C..U.A ..V..IDE.O
M/.D..Z M..O.D .x   D.N..H.N._M..O.D_2.0.0.6        R.E.U..P    D.E    L.I..NK..1.S  C..U.A ..V..IDE.O
M/.D..Z M..O.D .x   D.N..H.N._M..O.D_2.0.0.6        R.E.U..P    D.E    L.I..NK..1.S  C..U.A ..V..IDE.O
M/.D..Z M..O.D .x   D.N..H.N._M..O.D_2.0.0.6        R.E.U..P    D.E    L.I..NK..1.S  C..U.A ..V..IDE.O
M/.D..Z M..O.D .x   D.N..H.N._M..O.D_2.0.0.6        R.E.U..P    D.E    L.I..NK..1.S  C..U.A ..V..IDE.O
M/.D..Z M..O.D .x   D.N..H.N._M..O.D_2.0.0.6        R.E.U..P    D.E    L.I..NK..1.S  C..U.A ..V..IDE.O
M/.D..Z M..O.D .x   D.N..H.N._M..O.D_2.0.0.6        R.E.U..P    D.E    L.I..NK..1.S  C..U.A ..V..IDE.O
M/.D..Z M..O.D .x   D.N..H.N._M..O.D_2.0.0.6        R.E.U..P    D.E    L.I..NK..1.S  C..U.A ..V..IDE.O
M/.D..Z M..O.D .x   D.N..H.N._M..O.D_2.0.0.6        R.E.U..P    D.E    L.I..NK..1.S  C..U.A ..V..IDE.O
M/.D..Z M..O.D .x   D.N..H.N._M..O.D_2.0.0.6        R.E.U..P    D.E    L.I..NK..1.S  C..U.A ..V..IDE.O
M/.D..Z M..O.D .x   D.N..H.N._M..O.D_2.0.0.6        R.E.U..P    D.E    L.I..NK..1.S  C..U.A ..V..IDE.O
M/.D..Z M..O.D .x   D.N..H.N._M..O.D_2.0.0.6        R.E.U..P    D.E    L.I..NK..1.S  C..U.A ..V..IDE.O
M/.D..Z M..O.D .x   D.N..H.N._M..O.D_2.0.0.6        R.E.U..P    D.E    L.I..NK..1.S  C..U.A ..V..IDE.O
M/.D..Z M..O.D .x   D.N..H.N._M..O.D_2.0.0.6        R.E.U..P    D.E    L.I..NK..1.S  C..U.A ..V..IDE.O
M/.D..Z M..O.D .x   D.N..H.N._M..O.D_2.0.0.6        R.E.U..P    D.E    L.I..NK..1.S  C..U.A ..V..IDE.O
M/.D..Z M..O.D .x   D.N..H.N._M..O.D_2.0.0.6        R.E.U..P    D.E    L.I..NK..1.S  C..U.A ..V..IDE.O
M/.D..Z M..O.D .x   D.N..H.N._M..O.D_2.0.0.6        R.E.U..P    D.E    L.I..NK..1.S  C..U.A ..V..IDE.O
M/.D..Z M..O.D .x   D.N..H.N._M..O.D_2.0.0.6        R.E.U..P    D.E    L.I..NK..1.S  C..U.A ..V..IDE.O
M/.D..Z M..O.D .x   D.N..H.N._M..O.D_2.0.0.6        R.E.U..P    D.E    L.I..NK..1.S  C..U.A ..V..IDE.O
M/.D..Z M..O.D .x   D.N..H.N._M..O.D_2.0.0.6        R.E.U..P    D.E    L.I..NK..1.S  C..U.A ..V..IDE.O
M/.D..Z M..O.D .x   D.N..H.N._M..O.D_2.0.0.6        R.E.U..P    D.E    L.I..NK..1.S  C..U.A ..V..IDE.O
M/.D..Z M..O.D .x   D.N..H.N._M..O.D_2.0.0.6        R.E.U..P    D.E    L.I..NK..1.S  C..U.A ..V..IDE.O
M/.D..Z M..O.D .x   D.N..H.N._M..O.D_2.0.0.6        R.E.U..P    D.E    L.I..NK..1.S  C..U.A ..V..IDE.O
M/.D..Z M..O.D .x   D.N..H.N._M..O.D_2.0.0.6        R.E.U..P    D.E    L.I..NK..1.S  C..U.A ..V..IDE.O
M/.D..Z M..O.D .x   D.N..H.N._M..O.D_2.0.0.6        R.E.U..P    D.E    L.I..NK..1.S  C..U.A ..V..IDE.O
M/.D..Z M..O.D .x   D.N..H.N._M..O.D_2.0.0.6        R.E.U..P    D.E    L.I..NK..1.S  C..U.A ..V..IDE.O
M/.D..Z M..O.D .x   D.N..H.N._M..O.D_2.0.0.6        R.E.U..P    D.E    L.I..NK..1.S  C..U.A ..V..IDE.O
M/.D..Z M..O.D .x   D.N..H.N._M..O.D_2.0.0.6        R.E.U..P    D.E    L.I..NK..1.S  C..U.A ..V..IDE.O
M/.D..Z M..O.D .x   D.N..H.N._M..O.D_2.0.0.6        R.E.U..P    D.E    L.I..NK..1.S  C..U.A ..V..IDE.O
M/.D..Z M..O.D .x   D.N..H.N._M..O.D_2.0.0.6        R.E.U..P    D.E    L.I..NK..1.S  C..U.A ..V..IDE.O
M/.D..Z M..O.D .x   D.N..H.N._M..O.D_2.0.0.6        R.E.U..P    D.E    L.I..NK..1.S  C..U.A ..V..IDE.O
M/.D..Z M..O.D .x   D.N..H.N._M..O.D_2.0.0.6        R.E.U..P    D.E    L.I..NK..1.S  C..U.A ..V..IDE.O
M/.D..Z M..O.D .x   D.N..H.N._M..O.D_2.0.0.6        R.E.U..P    D.E    L.I..NK..1.S  C..U.A ..V..IDE.O
M/.D..Z M..O.D .x   D.N..H.N._M..O.D_2.0.0.6        R.E.U..P    D.E    L.I..NK..1.S  C..U.A ..V..IDE.O
M/.D..Z M..O.D .x   D.N..H.N._M..O.D_2.0.0.6        R.E.U..P    D.E    L.I..NK..1.S  C..U.A ..V..IDE.O
M/.D..Z M..O.D .x   D.N..H.N._M..O.D_2.0.0.6        R.E.U..P    D.E    L.I..NK..1.S  C..U.A ..V..IDE.O
M/.D..Z M..O.D .x   D.N..H.N._M..O.D_2.0.0.6        R.E.U..P    D.E    L.I..NK..1.S  C..U.A ..V..IDE.O
M/.D..Z M..O.D .x   D.N..H.N._M..O.D_2.0.0.6        R.E.U..P    D.E    L.I..NK..1.S  C..U.A ..V..IDE.O
M/.D..Z M..O.D .x   D.N..H.N._M..O.D_2.0.0.6        R.E.U..P    D.E    L.I..NK..1.S  C..U.A ..V..IDE.O
M/.D..Z M..O.D .x   D.N..H.N._M..O.D_2.0.0.6        R.E.U..P    D.E    L.I..NK..1.S  C..U.A ..V..IDE.O
M/.D..Z M..O.D .x   D.N..H.N._M..O.D_2.0.0.6        R.E.U..P    D.E    L.I..NK..1.S  C..U.A ..V..IDE.O
M/.D..Z M..O.D .x   D.N..H.N._M..O.D_2.0.0.6        R.E.U..P    D.E    L.I..NK..1.S  C..U.A ..V..IDE.O
M/.D..Z M..O.D .x   D.N..H.N._M..O.D_2.0.0.6        R.E.U..P    D.E    L.I..NK..1.S  C..U.A ..V..IDE.O
M/.D..Z M..O.D .x   D.N..H.N._M..O.D_2.0.0.6        R.E.U..P    D.E    L.I..NK..1.S  C..U.A ..V..IDE.O
M/.D..Z M..O.D .x   D.N..H.N._M..O.D_2.0.0.6        R.E.U..P    D.E    L.I..NK..1.S  C..U.A ..V..IDE.O
M/.D..Z M..O.D .x   D.N..H.N._M..O.D_2.0.0.6        R.E.U..P    D.E    L.I..NK..1.S  C..U.A ..V..IDE.O
M/.D..Z M..O.D .x   D.N..H.N._M..O.D_2.0.0.6        R.E.U..P    D.E    L.I..NK..1.S  C..U.A ..V..IDE.O
M/.D..Z M..O.D .x   D.N..H.N._M..O.D_2.0.0.6        R.E.U..P    D.E    L.I..NK..1.S  C..U.A ..V..IDE.O
M/.D..Z M..O.D .x   D.N..H.N._M..O.D_2.0.0.6        R.E.U..P    D.E    L.I..NK..1.S  C..U.A ..V..IDE.O
M/.D..Z M..O.D .x   D.N..H.N._M..O.D_2.0.0.6        R.E.U..P    D.E    L.I..NK..1.S  C..U.A ..V..IDE.O
M/.D..Z M..O.D .x   D.N..H.N._M..O.D_2.0.0.6        R.E.U..P    D.E    L.I..NK..1.S  C..U.A ..V..IDE.O
M/.D..Z M..O.D .x   D.N..H.N._M..O.D_2.0.0.6        R.E.U..P    D.E    L.I..NK..1.S  C..U.A ..V..IDE.O
M/.D..Z M..O.D .x   D.N..H.N._M..O.D_2.0.0.6        R.E.U..P    D.E    L.I..NK..1.S  C..U.A ..V..IDE.O
M/.D..Z M..O.D .x   D.N..H.N._M..O.D_2.0.0.6        R.E.U..P    D.E    L.I..NK..1.S  C..U.A ..V..IDE.O
M/.D..Z M..O.D .x   D.N..H.N._M..O.D_2.0.0.6        R.E.U..P    D.E    L.I..NK..1.S  C..U.A ..V..IDE.O
M/.D..Z M..O.D .x   D.N..H.N._M..O.D_2.0.0.6        R.E.U..P    D.E    L.I..NK..1.S  C..U.A ..V..IDE.O
M/.D..Z M..O.D .x   D.N..H.N._M..O.D_2.0.0.6        R.E.U..P    D.E    L.I..NK..1.S  C..U.A ..V..IDE.O
M/.D..Z M..O.D .x   D.N..H.N._M..O.D_2.0.0.6        R.E.U..P    D.E    L.I..NK..1.S  C..U.A ..V..IDE.O
M/.D..Z M..O.D .x   D.N..H.N._M..O.D_2.0.0.6        R.E.U..P    D.E    L.I..NK..1.S  C..U.A ..V..IDE.O
M/.D..Z M..O.D .x   D.N..H.N._M..O.D_2.0.0.6        R.E.U..P    D.E    L.I..NK..1.S  C..U.A ..V..IDE.O
M/.D..Z M..O.D .x   D.N..H.N._M..O.D_2.0.0.6        R.E.U..P    D.E    L.I..NK..1.S  C..U.A ..V..IDE.O
M/.D..Z M..O.D .x   D.N..H.N._M..O.D_2.0.0.6        R.E.U..P    D.E    L.I..NK..1.S  C..U.A ..V..IDE.O
M/.D..Z M..O.D .x   D.N..H.N._M..O.D_2.0.0.6        R.E.U..P    D.E    L.I..NK..1.S  C..U.A ..V..IDE.O
M/.D..Z M..O.D .x   D.N..H.N._M..O.D_2.0.0.6        R.E.U..P    D.E    L.I..NK..1.S  C..U.A ..V..IDE.O
M/.D..Z M..O.D .x   D.N..H.N._M..O.D_2.0.0.6        R.E.U..P    D.E    L.I..NK..1.S  C..U.A ..V..IDE.O
M/.D..Z M..O.D .x   D.N..H.N._M..O.D_2.0.0.6        R.E.U..P    D.E    L.I..NK..1.S  C..U.A ..V..IDE.O
M/.D..Z M..O.D .x   D.N..H.N._M..O.D_2.0.0.6        R.E.U..P    D.E    L.I..NK..1.S  C..U.A ..V..IDE.O
M/.D..Z M..O.D .x   D.N..H.N._M..O.D_2.0.0.6        R.E.U..P    D.E    L.I..NK..1.S  C..U.A ..V..IDE.O
M/.D..Z M..O.D .x   D.N..H.N._M..O.D_2.0.0.6        R.E.U..P    D.E    L.I..NK..1.S  C..U.A ..V..IDE.O
M/.D..Z M..O.D .x   D.N..H.N._M..O.D_2.0.0.6        R.E.U..P    D.E    L.I..NK..1.S  C..U.A ..V..IDE.O
M/.D..Z M..O.D .x   D.N..H.N._M..O.D_2.0.0.6        R.E.U..P    D.E    L.I..NK..1.S  C..U.A ..V..IDE.O
M/.D..Z M..O.D .x   D.N..H.N._M..O.D_2.0.0.6        R.E.U..P    D.E    L.I..NK..1.S  C..U.A ..V..IDE.O
M/.D..Z M..O.D .x   D.N..H.N._M..O.D_2.0.0.6        R.E.U..P    D.E    L.I..NK..1.S  C..U.A ..V..IDE.O
M/.D..Z M..O.D .x   D.N..H.N._M..O.D_2.0.0.6        R.E.U..P    D.E    L.I..NK..1.S  C..U.A ..V..IDE.O
M/.D..Z M..O.D .x   D.N..H.N._M..O.D_2.0.0.6        R.E.U..P    D.E    L.I..NK..1.S  C..U.A ..V..IDE.O
M/.D..Z M..O.D .x   D.N..H.N._M..O.D_2.0.0.6        R.E.U..P    D.E    L.I..NK..1.S  C..U.A ..V..IDE.O
M/.D..Z M..O.D .x   D.N..H.N._M..O.D_2.0.0.6        R.E.U..P    D.E    L.I..NK..1.S  C..U.A ..V..IDE.O
M/.D..Z M..O.D .x   D.N..H.N._M..O.D_2.0.0.6        R.E.U..P    D.E    L.I..NK..1.S  C..U.A ..V..IDE.O
M/.D..Z M..O.D .x   D.N..H.N._M..O.D_2.0.0.6        R.E.U..P    D.E    L.I..NK..1.S  C..U.A ..V..IDE.O
M/.D..Z M..O.D .x   D.N..H.N._M..O.D_2.0.0.6        R.E.U..P    D.E    L.I..NK..1.S  C..U.A ..V..IDE.O
M/.D..Z M..O.D .x   D.N..H.N._M..O.D_2.0.0.6        R.E.U..P    D.E    L.I..NK..1.S  C..U.A ..V..IDE.O
M/.D..Z M..O.D .x   D.N..H.N._M..O.D_2.0.0.6        R.E.U..P    D.E    L.I..NK..1.S  C..U.A ..V..IDE.O
M/.D..Z M..O.D .x   D.N..H.N._M..O.D_2.0.0.6        R.E.U..P    D.E    L.I..NK..1.S  C..U.A ..V..IDE.O
M/.D..Z M..O.D .x   D.N..H.N._M..O.D_2.0.0.6        R.E.U..P    D.E    L.I..NK..1.S  C..U.A ..V..IDE.O
M/.D..Z M..O.D .x   D.N..H.N._M..O.D_2.0.0.6        R.E.U..P    D.E    L.I..NK..1.S  C..U.A ..V..IDE.O
M/.D..Z M..O.D .x   D.N..H.N._M..O.D_2.0.0.6        R.E.U..P    D.E    L.I..NK..1.S  C..U.A ..V..IDE.O
M/.D..Z M..O.D .x   D.N..H.N._M..O.D_2.0.0.6        R.E.U..P    D.E    L.I..NK..1.S  C..U.A ..V..IDE.O
M/.D..Z M..O.D .x   D.N..H.N._M..O.D_2.0.0.6        R.E.U..P    D.E    L.I..NK..1.S  C..U.A ..V..IDE.O
M/.D..Z M..O.D .x   D.N..H.N._M..O.D_2.0.0.6        R.E.U..P    D.E    L.I..NK..1.S  C..U.A ..V..IDE.O
M/.D..Z M..O.D .x   D.N..H.N._M..O.D_2.0.0.6        R.E.U..P    D.E    L.I..NK..1.S  C..U.A ..V..IDE.O
M/.D..Z M..O.D .x   D.N..H.N._M..O.D_2.0.0.6        R.E.U..P    D.E    L.I..NK..1.S  C..U.A ..V..IDE.O
M/.D..Z M..O.D .x   D.N..H.N._M..O.D_2.0.0.6        R.E.U..P    D.E    L.I..NK..1.S  C..U.A ..V..IDE.O
M/.D..Z M..O.D .x   D.N..H.N._M..O.D_2.0.0.6        R.E.U..P    D.E    L.I..NK..1.S  C..U.A ..V..IDE.O
M/.D..Z M..O.D .x   D.N..H.N._M..O.D_2.0.0.6        R.E.U..P    D.E    L.I..NK..1.S  C..U.A ..V..IDE.O
M/.D..Z M..O.D .x   D.N..H.N._M..O.D_2.0.0.6        R.E.U..P    D.E    L.I..NK..1.S  C..U.A ..V..IDE.O
M/.D..Z M..O.D .x   D.N..H.N._M..O.D_2.0.0.6        R.E.U..P    D.E    L.I..NK..1.S  C..U.A ..V..IDE.O
M/.D..Z M..O.D .x   D.N..H.N._M..O.D_2.0.0.6        R.E.U..P    D.E    L.I..NK..1.S  C..U.A ..V..IDE.O
M/.D..Z M..O.D .x   D.N..H.N._M..O.D_2.0.0.6        R.E.U..P    D.E    L.I..NK..1.S  C..U.A ..V..IDE.O
M/.D..Z M..O.D .x   D.N..H.N._M..O.D_2.0.0.6        R.E.U..P    D.E    L.I..NK..1.S  C..U.A ..V..IDE.O
M/.D..Z M..O.D .x   D.N..H.N._M..O.D_2.0.0.6        R.E.U..P    D.E    L.I..NK..1.S  C..U.A ..V..IDE.O
M/.D..Z M..O.D .x   D.N..H.N._M..O.D_2.0.0.6        R.E.U..P    D.E    L.I..NK..1.S  C..U.A ..V..IDE.O
M/.D..Z M..O.D .x   D.N..H.N._M..O.D_2.0.0.6        R.E.U..P    D.E    L.I..NK..1.S  C..U.A ..V..IDE.O
M/.D..Z M..O.D .x   D.N..H.N._M..O.D_2.0.0.6        R.E.U..P    D.E    L.I..NK..1.S  C..U.A ..V..IDE.O
M/.D..Z M..O.D .x   D.N..H.N._M..O.D_2.0.0.6        R.E.U..P    D.E    L.I..NK..1.S  C..U.A ..V..IDE.O
M/.D..Z M..O.D .x   D.N..H.N._M..O.D_2.0.0.6        R.E.U..P    D.E    L.I..NK..1.S  C..U.A ..V..IDE.O
M/.D..Z M..O.D .x   D.N..H.N._M..O.D_2.0.0.6        R.E.U..P    D.E    L.I..NK..1.S  C..U.A ..V..IDE.O
M/.D..Z M..O.D .x   D.N..H.N._M..O.D_2.0.0.6        R.E.U..P    D.E    L.I..NK..1.S  C..U.A ..V..IDE.O
M/.D..Z M..O.D .x   D.N..H.N._M..O.D_2.0.0.6        R.E.U..P    D.E    L.I..NK..1.S  C..U.A ..V..IDE.O
M/.D..Z M..O.D .x   D.N..H.N._M..O.D_2.0.0.6        R.E.U..P    D.E    L.I..NK..1.S  C..U.A ..V..IDE.O
M/.D..Z M..O.D .x   D.N..H.N._M..O.D_2.0.0.6        R.E.U..P    D.E    L.I..NK..1.S  C..U.A ..V..IDE.O
M/.D..Z M..O.D .x   D.N..H.N._M..O.D_2.0.0.6        R.E.U..P    D.E    L.I..NK..1.S  C..U.A ..V..IDE.O
M/.D..Z M..O.D .x   D.N..H.N._M..O.D_2.0.0.6        R.E.U..P    D.E    L.I..NK..1.S  C..U.A ..V..IDE.O
M/.D..Z M..O.D .x   D.N..H.N._M..O.D_2.0.0.6        R.E.U..P    D.E    L.I..NK..1.S  C..U.A ..V..IDE.O
M/.D..Z M..O.D .x   D.N..H.N._M..O.D_2.0.0.6        R.E.U..P    D.E    L.I..NK..1.S  C..U.A ..V..IDE.O
M/.D..Z M..O.D .x   D.N..H.N._M..O.D_2.0.0.6        R.E.U..P    D.E    L.I..NK..1.S  C..U.A ..V..IDE.O
M/.D..Z M..O.D .x   D.N..H.N._M..O.D_2.0.0.6        R.E.U..P    D.E    L.I..NK..1.S  C..U.A ..V..IDE.O
M/.D..Z M..O.D .x   D.N..H.N._M..O.D_2.0.0.6        R.E.U..P    D.E    L.I..NK..1.S  C..U.A ..V..IDE.O
M/.D..Z M..O.D .x   D.N..H.N._M..O.D_2.0.0.6        R.E.U..P    D.E    L.I..NK..1.S  C..U.A ..V..IDE.O
M/.D..Z M..O.D .x   D.N..H.N._M..O.D_2.0.0.6        R.E.U..P    D.E    L.I..NK..1.S  C..U.A ..V..IDE.O
M/.D..Z M..O.D .x   D.N..H.N._M..O.D_2.0.0.6        R.E.U..P    D.E    L.I..NK..1.S  C..U.A ..V..IDE.O
M/.D..Z M..O.D .x   D.N..H.N._M..O.D_2.0.0.6        R.E.U..P    D.E    L.I..NK..1.S  C..U.A ..V..IDE.O
M/.D..Z M..O.D .x   D.N..H.N._M..O.D_2.0.0.6        R.E.U..P    D.E    L.I..NK..1.S  C..U.A ..V..IDE.O
M/.D..Z M..O.D .x   D.N..H.N._M..O.D_2.0.0.6        R.E.U..P    D.E    L.I..NK..1.S  C..U.A ..V..IDE.O
M/.D..Z M..O.D .x   D.N..H.N._M..O.D_2.0.0.6        R.E.U..P    D.E    L.I..NK..1.S  C..U.A ..V..IDE.O
M/.D..Z M..O.D .x   D.N..H.N._M..O.D_2.0.0.6        R.E.U..P    D.E    L.I..NK..1.S  C..U.A ..V..IDE.O
M/.D..Z M..O.D .x   D.N..H.N._M..O.D_2.0.0.6        R.E.U..P    D.E    L.I..NK..1.S  C..U.A ..V..IDE.O
M/.D..Z M..O.D .x   D.N..H.N._M..O.D_2.0.0.6        R.E.U..P    D.E    L.I..NK..1.S  C..U.A ..V..IDE.O
M/.D..Z M..O.D .x   D.N..H.N._M..O.D_2.0.0.6        R.E.U..P    D.E    L.I..NK..1.S  C..U.A ..V..IDE.O
M/.D..Z M..O.D .x   D.N..H.N._M..O.D_2.0.0.6        R.E.U..P    D.E    L.I..NK..1.S  C..U.A ..V..IDE.O
M/.D..Z M..O.D .x   D.N..H.N._M..O.D_2.0.0.6        R.E.U..P    D.E    L.I..NK..1.S  C..U.A ..V..IDE.O
M/.D..Z M..O.D .x   D.N..H.N._M..O.D_2.0.0.6        R.E.U..P    D.E    L.I..NK..1.S  C..U.A ..V..IDE.O
M/.D..Z M..O.D .x   D.N..H.N._M..O.D_2.0.0.6        R.E.U..P    D.E    L.I..NK..1.S  C..U.A ..V..IDE.O
M/.D..Z M..O.D .x   D.N..H.N._M..O.D_2.0.0.6        R.E.U..P    D.E    L.I..NK..1.S  C..U.A ..V..IDE.O
M/.D..Z M..O.D .x   D.N..H.N._M..O.D_2.0.0.6        R.E.U..P    D.E    L.I..NK..1.S  C..U.A ..V..IDE.O
M/.D..Z M..O.D .x   D.N..H.N._M..O.D_2.0.0.6        R.E.U..P    D.E    L.I..NK..1.S  C..U.A ..V..IDE.O
M/.D..Z M..O.D .x   D.N..H.N._M..O.D_2.0.0.6        R.E.U..P    D.E    L.I..NK..1.S  C..U.A ..V..IDE.O
M/.D..Z M..O.D .x   D.N..H.N._M..O.D_2.0.0.6        R.E.U..P    D.E    L.I..NK..1.S  C..U.A ..V..IDE.O
M/.D..Z M..O.D .x   D.N..H.N._M..O.D_2.0.0.6        R.E.U..P    D.E    L.I..NK..1.S  C..U.A ..V..IDE.O
M/.D..Z M..O.D .x   D.N..H.N._M..O.D_2.0.0.6        R.E.U..P    D.E    L.I..NK..1.S  C..U.A ..V..IDE.O
M/.D..Z M..O.D .x   D.N..H.N._M..O.D_2.0.0.6        R.E.U..P    D.E    L.I..NK..1.S  C..U.A ..V..IDE.O
M/.D..Z M..O.D .x   D.N..H.N._M..O.D_2.0.0.6        R.E.U..P    D.E    L.I..NK..1.S  C..U.A ..V..IDE.O
M/.D..Z M..O.D .x   D.N..H.N._M..O.D_2.0.0.6        R.E.U..P    D.E    L.I..NK..1.S  C..U.A ..V..IDE.O
M/.D..Z M..O.D .x   D.N..H.N._M..O.D_2.0.0.6        R.E.U..P    D.E    L.I..NK..1.S  C..U.A ..V..IDE.O
M/.D..Z M..O.D .x   D.N..H.N._M..O.D_2.0.0.6        R.E.U..P    D.E    L.I..NK..1.S  C..U.A ..V..IDE.O
M/.D..Z M..O.D .x   D.N..H.N._M..O.D_2.0.0.6        R.E.U..P    D.E    L.I..NK..1.S  C..U.A ..V..IDE.O
M/.D..Z M..O.D .x   D.N..H.N._M..O.D_2.0.0.6        R.E.U..P    D.E    L.I..NK..1.S  C..U.A ..V..IDE.O
M/.D..Z M..O.D .x   D.N..H.N._M..O.D_2.0.0.6        R.E.U..P    D.E    L.I..NK..1.S  C..U.A ..V..IDE.O
M/.D..Z M..O.D .x   D.N..H.N._M..O.D_2.0.0.6        R.E.U..P    D.E    L.I..NK..1.S  C..U.A ..V..IDE.O
M/.D..Z M..O.D .x   D.N..H.N._M..O.D_2.0.0.6        R.E.U..P    D.E    L.I..NK..1.S  C..U.A ..V..IDE.O
M/.D..Z M..O.D .x   D.N..H.N._M..O.D_2.0.0.6        R.E.U..P    D.E    L.I..NK..1.S  C..U.A ..V..IDE.O
M/.D..Z M..O.D .x   D.N..H.N._M..O.D_2.0.0.6        R.E.U..P    D.E    L.I..NK..1.S  C..U.A ..V..IDE.O
M/.D..Z M..O.D .x   D.N..H.N._M..O.D_2.0.0.6        R.E.U..P    D.E    L.I..NK..1.S  C..U.A ..V..IDE.O
M/.D..Z M..O.D .x   D.N..H.N._M..O.D_2.0.0.6        R.E.U..P    D.E    L.I..NK..1.S  C..U.A ..V..IDE.O
M/.D..Z M..O.D .x   D.N..H.N._M..O.D_2.0.0.6        R.E.U..P    D.E    L.I..NK..1.S  C..U.A ..V..IDE.O
M/.D..Z M..O.D .x   D.N..H.N._M..O.D_2.0.0.6        R.E.U..P    D.E    L.I..NK..1.S  C..U.A ..V..IDE.O
M/.D..Z M..O.D .x   D.N..H.N._M..O.D_2.0.0.6        R.E.U..P    D.E    L.I..NK..1.S  C..U.A ..V..IDE.O
M/.D..Z M..O.D .x   D.N..H.N._M..O.D_2.0.0.6        R.E.U..P    D.E    L.I..NK..1.S  C..U.A ..V..IDE.O
M/.D..Z M..O.D .x   D.N..H.N._M..O.D_2.0.0.6        R.E.U..P    D.E    L.I..NK..1.S  C..U.A ..V..IDE.O
M/.D..Z M..O.D .x   D.N..H.N._M..O.D_2.0.0.6        R.E.U..P    D.E    L.I..NK..1.S  C..U.A ..V..IDE.O
M/.D..Z M..O.D .x   D.N..H.N._M..O.D_2.0.0.6        R.E.U..P    D.E    L.I..NK..1.S  C..U.A ..V..IDE.O
M/.D..Z M..O.D .x   D.N..H.N._M..O.D_2.0.0.6        R.E.U..P    D.E    L.I..NK..1.S  C..U.A ..V..IDE.O
M/.D..Z M..O.D .x   D.N..H.N._M..O.D_2.0.0.6        R.E.U..P    D.E    L.I..NK..1.S  C..U.A ..V..IDE.O
M/.D..Z M..O.D .x   D.N..H.N._M..O.D_2.0.0.6        R.E.U..P    D.E    L.I..NK..1.S  C..U.A ..V..IDE.O
M/.D..Z M..O.D .x   D.N..H.N._M..O.D_2.0.0.6        R.E.U..P    D.E    L.I..NK..1.S  C..U.A ..V..IDE.O
M/.D..Z M..O.D .x   D.N..H.N._M..O.D_2.0.0.6        R.E.U..P    D.E    L.I..NK..1.S  C..U.A ..V..IDE.O
M/.D..Z M..O.D .x   D.N..H.N._M..O.D_2.0.0.6        R.E.U..P    D.E    L.I..NK..1.S  C..U.A ..V..IDE.O
M/.D..Z M..O.D .x   D.N..H.N._M..O.D_2.0.0.6        R.E.U..P    D.E    L.I..NK..1.S  C..U.A ..V..IDE.O
M/.D..Z M..O.D .x   D.N..H.N._M..O.D_2.0.0.6        R.E.U..P    D.E    L.I..NK..1.S  C..U.A ..V..IDE.O
M/.D..Z M..O.D .x   D.N..H.N._M..O.D_2.0.0.6        R.E.U..P    D.E    L.I..NK..1.S  C..U.A ..V..IDE.O
M/.D..Z M..O.D .x   D.N..H.N._M..O.D_2.0.0.6        R.E.U..P    D.E    L.I..NK..1.S  C..U.A ..V..IDE.O
M/.D..Z M..O.D .x   D.N..H.N._M..O.D_2.0.0.6        R.E.U..P    D.E    L.I..NK..1.S  C..U.A ..V..IDE.O
M/.D..Z M..O.D .x   D.N..H.N._M..O.D_2.0.0.6        R.E.U..P    D.E    L.I..NK..1.S  C..U.A ..V..IDE.O
M/.D..Z M..O.D .x   D.N..H.N._M..O.D_2.0.0.6        R.E.U..P    D.E    L.I..NK..1.S  C..U.A ..V..IDE.O
M/.D..Z M..O.D .x   D.N..H.N._M..O.D_2.0.0.6        R.E.U..P    D.E    L.I..NK..1.S  C..U.A ..V..IDE.O
M/.D..Z M..O.D .x   D.N..H.N._M..O.D_2.0.0.6        R.E.U..P    D.E    L.I..NK..1.S  C..U.A ..V..IDE.O
M/.D..Z M..O.D .x   D.N..H.N._M..O.D_2.0.0.6        R.E.U..P    D.E    L.I..NK..1.S  C..U.A ..V..IDE.O
M/.D..Z M..O.D .x   D.N..H.N._M..O.D_2.0.0.6        R.E.U..P    D.E    L.I..NK..1.S  C..U.A ..V..IDE.O
M/.D..Z M..O.D .x   D.N..H.N._M..O.D_2.0.0.6        R.E.U..P    D.E    L.I..NK..1.S  C..U.A ..V..IDE.O
M/.D..Z M..O.D .x   D.N..H.N._M..O.D_2.0.0.6        R.E.U..P    D.E    L.I..NK..1.S  C..U.A ..V..IDE.O
M/.D..Z M..O.D .x   D.N..H.N._M..O.D_2.0.0.6        R.E.U..P    D.E    L.I..NK..1.S  C..U.A ..V..IDE.O
M/.D..Z M..O.D .x   D.N..H.N._M..O.D_2.0.0.6        R.E.U..P    D.E    L.I..NK..1.S  C..U.A ..V..IDE.O
M/.D..Z M..O.D .x   D.N..H.N._M..O.D_2.0.0.6        R.E.U..P    D.E    L.I..NK..1.S  C..U.A ..V..IDE.O
M/.D..Z M..O.D .x   D.N..H.N._M..O.D_2.0.0.6        R.E.U..P    D.E    L.I..NK..1.S  C..U.A ..V..IDE.O
M/.D..Z M..O.D .x   D.N..H.N._M..O.D_2.0.0.6        R.E.U..P    D.E    L.I..NK..1.S  C..U.A ..V..IDE.O
M/.D..Z M..O.D .x   D.N..H.N._M..O.D_2.0.0.6        R.E.U..P    D.E    L.I..NK..1.S  C..U.A ..V..IDE.O
M/.D..Z M..O.D .x   D.N..H.N._M..O.D_2.0.0.6        R.E.U..P    D.E    L.I..NK..1.S  C..U.A ..V..IDE.O
M/.D..Z M..O.D .x   D.N..H.N._M..O.D_2.0.0.6        R.E.U..P    D.E    L.I..NK..1.S  C..U.A ..V..IDE.O
M/.D..Z M..O.D .x   D.N..H.N._M..O.D_2.0.0.6        R.E.U..P    D.E    L.I..NK..1.S  C..U.A ..V..IDE.O
M/.D..Z M..O.D .x   D.N..H.N._M..O.D_2.0.0.6        R.E.U..P    D.E    L.I..NK..1.S  C..U.A ..V..IDE.O
M/.D..Z M..O.D .x   D.N..H.N._M..O.D_2.0.0.6        R.E.U..P    D.E    L.I..NK..1.S  C..U.A ..V..IDE.O
M/.D..Z M..O.D .x   D.N..H.N._M..O.D_2.0.0.6        R.E.U..P    D.E    L.I..NK..1.S  C..U.A ..V..IDE.O
M/.D..Z M..O.D .x   D.N..H.N._M..O.D_2.0.0.6        R.E.U..P    D.E    L.I..NK..1.S  C..U.A ..V..IDE.O
M/.D..Z M..O.D .x   D.N..H.N._M..O.D_2.0.0.6        R.E.U..P    D.E    L.I..NK..1.S  C..U.A ..V..IDE.O
M/.D..Z M..O.D .x   D.N..H.N._M..O.D_2.0.0.6        R.E.U..P    D.E    L.I..NK..1.S  C..U.A ..V..IDE.O
M/.D..Z M..O.D .x   D.N..H.N._M..O.D_2.0.0.6        R.E.U..P    D.E    L.I..NK..1.S  C..U.A ..V..IDE.O
M/.D..Z M..O.D .x   D.N..H.N._M..O.D_2.0.0.6        R.E.U..P    D.E    L.I..NK..1.S  C..U.A ..V..IDE.O
M/.D..Z M..O.D .x   D.N..H.N._M..O.D_2.0.0.6        R.E.U..P    D.E    L.I..NK..1.S  C..U.A ..V..IDE.O
M/.D..Z M..O.D .x   D.N..H.N._M..O.D_2.0.0.6        R.E.U..P    D.E    L.I..NK..1.S  C..U.A ..V..IDE.O
M/.D..Z M..O.D .x   D.N..H.N._M..O.D_2.0.0.6        R.E.U..P    D.E    L.I..NK..1.S  C..U.A ..V..IDE.O
M/.D..Z M..O.D .x   D.N..H.N._M..O.D_2.0.0.6        R.E.U..P    D.E    L.I..NK..1.S  C..U.A ..V..IDE.O
M/.D..Z M..O.D .x   D.N..H.N._M..O.D_2.0.0.6        R.E.U..P    D.E    L.I..NK..1.S  C..U.A ..V..IDE.O
M/.D..Z M..O.D .x   D.N..H.N._M..O.D_2.0.0.6        R.E.U..P    D.E    L.I..NK..1.S  C..U.A ..V..IDE.O
M/.D..Z M..O.D .x   D.N..H.N._M..O.D_2.0.0.6        R.E.U..P    D.E    L.I..NK..1.S  C..U.A ..V..IDE.O
M/.D..Z M..O.D .x   D.N..H.N._M..O.D_2.0.0.6        R.E.U..P    D.E    L.I..NK..1.S  C..U.A ..V..IDE.O
M/.D..Z M..O.D .x   D.N..H.N._M..O.D_2.0.0.6        R.E.U..P    D.E    L.I..NK..1.S  C..U.A ..V..IDE.O
M/.D..Z M..O.D .x   D.N..H.N._M..O.D_2.0.0.6        R.E.U..P    D.E    L.I..NK..1.S  C..U.A ..V..IDE.O
