﻿<?xml version="1.0" encoding="utf-8"?>
<Project>
  <TemplateObjectList>
    <TemplateObject objectName="selfplayer" id="0" isTemp="false" />
    <TemplateObject objectName="target" id="1" isTemp="false" />
  </TemplateObjectList>
  <RefParamList />
  <Action tag="" length="2.000" loop="false">
    <Track trackName="TriggerParticle0" eventType="TriggerParticle" guid="777d36cd-f7d7-413e-8673-a012f624a645" enabled="true" useRefParam="false" refParamName="" r="0.000" g="0.000" b="0.000" execOnForceStopped="false" execOnActionCompleted="false" stopAfterLastEvent="true">
      <Event eventName="TriggerParticle" time="0.000" length="2.000" isDuration="true" guid="c704d10d-19e6-4713-b83c-6fde2f34b3f0">
        <TemplateObject name="targetId" objectName="target" id="1" isTemp="false" refParamName="" useRefParam="false" />
        <TemplateObject name="objectSpaceId" objectName="None" id="-1" isTemp="false" refParamName="" useRefParam="false" />
        <uint name="RefLiteBulletID" value="0" refParamName="" useRefParam="false" />
        <String name="parentResourceName" value="" refParamName="" useRefParam="false" />
        <String name="resourceName" value="prefab_skill_effects/hero_skill_effects/107_zhaoyun/10703/ZhaoYunN_buff01" refParamName="" useRefParam="false" />
        <String name="resourceName2" value="" refParamName="" useRefParam="false" />
        <String name="resourceName3" value="" refParamName="" useRefParam="false" />
        <String name="bindPointName" value="" refParamName="" useRefParam="false" />
        <bool name="dontShowIfNoBindPoint" value="false" refParamName="" useRefParam="false" />
        <Vector3 name="bindPosOffset" x="0.000" y="1.000" z="0.000" refParamName="" useRefParam="false" />
        <bool name="bIsBindPosYRelateBeHitHeight" value="false" refParamName="" useRefParam="false" />
        <bool name="bBindPosOffsetInWorldSpace" value="false" refParamName="" useRefParam="false" />
        <EulerAngle name="bindRotOffset" x="0.000" y="0.000" z="0.000" refParamName="" useRefParam="false" />
        <Vector3 name="scaling" x="1.000" y="1.000" z="1.000" refParamName="" useRefParam="false" />
        <bool name="useScalingInt" value="false" refParamName="" useRefParam="false" />
        <Vector3i name="scalingInt" x="10000" y="10000" z="10000" refParamName="" useRefParam="false" />
        <bool name="bUseRealScaling" value="false" refParamName="" useRefParam="false" />
        <bool name="bOnlyScaleRoot" value="false" refParamName="" useRefParam="false" />
        <bool name="bEnableOptCull" value="true" refParamName="" useRefParam="false" />
        <bool name="bHeroEffect" value="false" refParamName="" useRefParam="false" />
        <bool name="bBullerPosDir" value="false" refParamName="" useRefParam="false" />
        <TemplateObject name="lookTargetId" objectName="None" id="-1" isTemp="false" refParamName="" useRefParam="false" />
        <bool name="bAlwaysLookTarget" value="false" refParamName="" useRefParam="false" />
        <bool name="bLookTarget" value="false" refParamName="" useRefParam="false" />
        <bool name="applyActionSpeedToParticle" value="true" refParamName="" useRefParam="false" />
        <bool name="applyActionSpeedToAnimation" value="false" refParamName="" useRefParam="false" />
        <int name="extend" value="10" refParamName="" useRefParam="false" />
        <bool name="bOnlyFollowPos" value="false" refParamName="" useRefParam="false" />
        <bool name="b1stTickParentRot" value="false" refParamName="" useRefParam="false" />
        <bool name="bHideWhenDead" value="true" refParamName="" useRefParam="false" />
        <bool name="bIgnoreWhenHideModel" value="false" refParamName="" useRefParam="false" />
        <bool name="bRotateFollowCamera" value="false" refParamName="" useRefParam="false" />
        <bool name="bUse3DUICamera" value="false" refParamName="" useRefParam="false" />
        <bool name="bUseTargetSkinEffect" value="false" refParamName="" useRefParam="false" />
        <bool name="bReplayWhenChangeMesh" value="false" refParamName="" useRefParam="false" />
        <bool name="bTrailProtect" value="false" refParamName="" useRefParam="false" />
        <bool name="bUseClearTrailProtect" value="false" refParamName="" useRefParam="false" />
        <bool name="bKeepChildScale" value="false" refParamName="" useRefParam="false" />
        <int name="iDelayDisappearTime" value="0" refParamName="" useRefParam="false" />
        <bool name="bBulletPos" value="false" refParamName="" useRefParam="false" />
        <bool name="bBulletDir" value="false" refParamName="" useRefParam="false" />
        <int name="particleScaleGrow" value="0" refParamName="" useRefParam="false" />
        <bool name="enableMaxFollowTime" value="false" refParamName="" useRefParam="false" />
        <float name="maxFollowTime" value="0.000" refParamName="" useRefParam="false" />
        <bool name="bindOnHUD" value="false" refParamName="" useRefParam="false" />
        <Enum name="showInStatus" value="0" refParamName="" useRefParam="false">
          <uint name="任意状态" />
          <uint name="Idle状态" />
          <uint name="移动状态" />
          <uint name="死亡状态" />
          <uint name="其他状态" />
          <uint name="脱战状态" />
          <uint name="战斗状态" />
          <uint name="非隐藏在草丛" />
          <uint name="隐藏在草丛" />
        </Enum>
        <bool name="bExcludeSpecialActor" value="true" refParamName="" useRefParam="false" />
        <Enum name="ReplacementUsage" value="0" refParamName="" useRefParam="false">
          <uint name="无" />
          <uint name="回城特效" />
          <uint name="击杀特效" />
          <uint name="泉水加速特效" />
        </Enum>
        <Enum name="ReplacementSubUsage" value="0" refParamName="" useRefParam="false">
          <uint name="无" />
          <uint name="回城落地特效" />
        </Enum>
        <bool name="bNoDynamicLod" value="false" refParamName="" useRefParam="false" />
        <bool name="bMeshResouce" value="false" refParamName="" useRefParam="false" />
        <bool name="bAllowEmptyEffect" value="false" refParamName="" useRefParam="false" />
        <bool name="bSpecialBuffEffect" value="false" refParamName="" useRefParam="false" />
        <bool name="bActionCtrlObjs" value="false" refParamName="" useRefParam="false" />
        <bool name="bLayOnNavMesh" value="false" refParamName="" useRefParam="false" />
        <bool name="bInvisibleSelf" value="false" refParamName="" useRefParam="false" />
        <bool name="bInvisibleEnemy" value="false" refParamName="" useRefParam="false" />
        <bool name="bInvisibleTeamNotSelf" value="false" refParamName="" useRefParam="false" />
        <bool name="bInvisibleEnemyForTarget" value="false" refParamName="" useRefParam="false" />
        <String name="syncAnimationName" value="" refParamName="" useRefParam="false" />
        <bool name="bUseRootBoneScaling" value="false" refParamName="" useRefParam="false" />
        <bool name="bReverseXWhenCameraMirror" value="false" refParamName="" useRefParam="false" />
        <bool name="bReverseRotOffsetWhenCameraMirro" value="true" refParamName="" useRefParam="false" />
        <bool name="bApplySpecialEffect" value="false" refParamName="" useRefParam="false" />
        <bool name="bResetHurtColor" value="false" refParamName="" useRefParam="false" />
        <bool name="bSyncActorAnimation" value="false" refParamName="" useRefParam="false" />
      </Event>
    </Track>
  </Action>
</Project>